Modelo,Feature,Importancia
Random Forest,Open_lag_1,0.17694056857602017
Random Forest,Open_lag_2,0.11158094563558098
Random Forest,Open_lag_3,0.11156714210476368
Random Forest,Open_lag_5,0.10258762608198163
Random Forest,Open_lag_10,0.05220285662217206
Random Forest,Open_media_5,0.14335335748326067
Random Forest,Open_desvio_5,0.005393485158314945
Random Forest,Open_media_21,0.09766755794345709
Random Forest,Open_desvio_21,0.018386353028605026
Random Forest,Close_lag_1,0.17649477423562132
Random Forest,Log_Volume_lag_1,0.00159195796985568
Random Forest,Dia_semana_sen,7.872512908370868e-06
Random Forest,Dia_semana_cos,2.808732335424332e-06
Random Forest,Mes_sen,0.0006404012400629405
Random Forest,Mes_cos,0.0015822926750601429
XGBoost,Open_lag_1,0.0412239246070385
XGBoost,Open_lag_2,0.050977516919374466
XGBoost,Open_lag_3,0.21956545114517212
XGBoost,Open_lag_5,0.005507930181920528
XGBoost,Open_lag_10,0.012808233499526978
XGBoost,Open_media_5,0.024021074175834656
XGBoost,Open_desvio_5,5.533637886401266e-05
XGBoost,Open_media_21,0.41158103942871094
XGBoost,Open_desvio_21,6.271617894526571e-05
XGBoost,Close_lag_1,0.23388588428497314
XGBoost,Log_Volume_lag_1,7.004586950642988e-05
XGBoost,Dia_semana_sen,7.594354246975854e-05
XGBoost,Dia_semana_cos,3.256956915720366e-05
XGBoost,Mes_sen,6.961272447369993e-05
XGBoost,Mes_cos,6.27562912995927e-05
