Date,Real,SARIMAX,Holt-Winters,Random Forest,XGBoost,Residuo_SARIMAX,Residuo_Holt-Winters,Residuo_Random_Forest,Residuo_XGBoost
2019-10-09,137.46,136.08364258642024,137.07678715256478,136.05895271764155,135.87013244628906,1.3763574135797683,0.38321284743523165,1.401047282358462,1.5898675537109455
2019-10-10,138.49,138.21432884021087,137.40722289551678,137.71565066988853,138.01724243164062,0.27567115978914103,1.0827771044832275,0.7743493301114768,0.4727575683593841
2019-10-11,140.12,138.69622897392267,138.34118734311414,138.37106765768374,139.31118774414062,1.4237710260773326,1.7788126568858615,1.748932342316266,0.8088122558593795
2019-10-14,139.69,140.38268486205368,139.87796873594192,138.95507352793936,139.69647216796875,-0.6926848620536816,-0.1879687359419222,0.7349264720606357,-0.006472167968752274
2019-10-15,140.06,139.82967537028827,139.71557925741763,139.14304180296406,139.49526977539062,0.23032462971173118,0.344420742582372,0.9169581970359388,0.5647302246093773
2019-10-16,140.79,140.39715060723964,140.01302583241375,139.00001497411165,139.5367889404297,0.392849392760354,0.7769741675862463,1.7899850258883419,1.2532110595703045
2019-10-17,140.95,140.40018337613782,140.68417421235768,139.0718118425154,139.78512573242188,0.5498166238621707,0.26582578764231357,1.878188157484601,1.1648742675781136
2019-10-18,139.76,141.01206179162457,140.91384310090052,139.441077137588,140.08079528808594,-1.252061791624584,-1.1538431009005308,0.31892286241199486,-0.3207952880859466
2019-10-21,138.45,139.70405752634642,139.91731205196552,138.03992756016586,136.83267211914062,-1.254057526346429,-1.4673120519655356,0.4100724398341242,1.6173278808593636
2019-10-22,138.97,139.02277397141148,138.64842315041227,139.09387242460582,139.20428466796875,-0.05277397141148299,0.3215768495877285,-0.12387242460582115,-0.23428466796875114
2019-10-23,136.88,138.41454066493674,138.92644678916363,137.84610909463638,136.51402282714844,-1.534540664936742,-2.046446789163639,-0.96610909463638,0.36597717285155795
2019-10-24,139.39,137.5758133001156,137.15788354152042,137.82594693518928,137.36245727539062,1.8141866998843739,2.2321164584795667,1.5640530648107074,2.0275427246093614
2019-10-25,139.34,139.07154057960943,139.08138596268708,139.08439167173125,140.38507080078125,0.26845942039057036,0.258614037312924,0.2556083282687496,-1.0450708007812466
2019-10-28,144.4,139.72011156821307,139.30431640961052,139.39545739154508,140.23240661621094,4.679888431786935,5.095683590389484,5.004542608454926,4.167593383789068
2019-10-29,144.08,143.2148419965116,143.7037852601954,139.82869547304074,142.02786254882812,0.8651580034884034,0.37621473980462383,4.251304526959274,2.0521374511718875
2019-10-30,143.52,143.94314071745404,144.02985701120173,140.53654939262805,140.98313903808594,-0.42314071745403226,-0.5098570112017171,2.9834506073719638,2.5368609619140727
2019-10-31,144.9,143.91645155407164,143.5891929774916,141.63300961188628,142.25816345214844,0.9835484459283634,1.3108070225084134,3.266990388113726,2.641836547851568
2019-11-01,144.26,144.4254696689237,144.72162119137383,142.13277584912382,142.4892578125,-0.16546966892371984,-0.46162119137383684,2.127224150876174,1.770742187499991
2019-11-04,144.83,144.89391565806176,144.3229259284967,142.61551062812475,143.5519561767578,-0.06391565806174526,0.5070740715033253,2.21448937187526,1.2780438232422
2019-11-05,144.97,144.50777645135292,144.76077010776584,143.12546724435185,143.50726318359375,0.46222354864707427,0.20922989223416266,1.844532755648146,1.4627368164062489
2019-11-06,144.37,144.67372345533718,144.9414489319988,143.75699808515114,144.27337646484375,-0.3037234553371775,-0.5714489319987877,0.6130019148488657,0.09662353515625455
2019-11-07,143.84,144.52476009024056,144.4480393857752,144.23688643402974,143.86880493164062,-0.6847600902405588,-0.6080393857751858,-0.39688643402973867,-0.02880493164062159
2019-11-08,143.98,144.0950975409005,143.922906394778,144.21762472068255,144.60540771484375,-0.11509754090050706,0.05709360522197926,-0.23762472068256102,-0.6254077148437602
2019-11-11,145.34,144.1500901181617,143.97221476117414,144.15562722359627,144.19371032714844,1.1899098818383038,1.36778523882586,1.184372776403734,1.146289672851566
2019-11-12,146.28,144.77192476427442,145.15339737162455,144.26023123511663,144.1957244873047,1.5080752357255847,1.1266026283754513,2.0197687648833664,2.0842755126953136
2019-11-13,146.74,146.12211037132772,146.1275190390988,144.7561117498703,144.9770965576172,0.6178896286722875,0.6124809609012232,1.983888250129695,1.7629034423828216
2019-11-14,147.02,146.5760596758616,146.6573924922996,145.4701727237279,145.30520629882812,0.4439403241384241,0.3626075077004032,1.5498272762721115,1.7147937011718852
2019-11-15,148.93,146.9647374741531,146.97112398710914,145.9376095926922,145.86875915527344,1.9652625258468959,1.9588760128908689,2.992390407307795,3.0612408447265693
2019-11-18,150.07,148.92266717042205,148.66698104069258,146.8534551170374,147.1114959716797,1.1473328295779481,1.403018959307417,3.2165448829625802,2.9585040283203057
2019-11-19,150.88,149.7196576188679,149.8844366712337,147.97060440782104,148.1713409423828,1.1603423811320965,0.995563328766309,2.909395592178953,2.708659057617183
2019-11-20,150.31,150.57991378367402,150.7492095525654,149.1798426190476,149.26516723632812,-0.26991378367401353,-0.4392095525653872,1.1301573809523973,1.0448327636718773
2019-11-21,149.4,150.32285289787615,150.36788543929913,149.59429546897545,148.74754333496094,-0.9228528978761403,-0.9678854392991241,-0.19429546897544014,0.6524566650390682
2019-11-22,150.07,149.56804671713863,149.5275120625375,149.1906596470342,148.92019653320312,0.5019532828613649,0.5424879374624823,0.8793403529657837,1.1498034667968682
2019-11-25,150.0,150.16454108453388,149.99839391417558,149.35454596405057,149.40394592285156,-0.16454108453388017,0.0016060858244202336,0.6454540359494274,0.5960540771484375
2019-11-26,151.36,150.4548653332219,149.99978789854606,149.35456886693373,149.04794311523438,0.9051346667781104,1.3602121014539534,2.0054311330662813,2.3120568847656386
2019-11-27,152.33,150.88377838408323,151.1804117843615,150.01039009847997,150.17611694335938,1.4462216159167838,1.1495882156385164,2.319609901520039,2.1538830566406375
2019-11-29,152.1,152.23483730334473,152.17947000931545,150.5022529030855,150.4647979736328,-0.13483730334473876,-0.07947000931545745,1.5977470969145031,1.6352020263671818
2019-12-02,151.81,151.7767968922381,152.11041168893206,149.80293320763474,150.67498779296875,0.03320310776189217,-0.3004116889320585,2.007066792365265,1.1350122070312523
2019-12-03,147.49,151.0718088900221,151.84940458596438,150.40540802929092,149.04498291015625,-3.581808890022103,-4.35940458596437,-2.9154080292909157,-1.554982910156241
2019-12-04,150.14,148.21076396238868,148.05851226567623,149.2813102247752,148.3997802734375,1.9292360376113038,2.0814877343237583,0.8586897752247751,1.7402197265624864
2019-12-05,150.05,149.87864276869516,149.86049822411977,149.87091499819616,150.6717071533203,0.17135723130485303,0.1895017758802453,0.17908500180385545,-0.6217071533203011
2019-12-06,150.99,150.32416052142804,150.02432249591425,149.98425887390277,150.5580291748047,0.6658394785719679,0.965677504085761,1.0057411260972344,0.4319708251953216
2019-12-09,150.99,151.13465401131907,150.85921018214947,150.7276262373819,151.39727783203125,-0.1446540113190622,0.1307898178505411,0.26237376261809686,-0.4072778320312409
2019-12-10,151.29,150.29428144889536,150.97230554817557,150.45908539919327,150.80287170410156,0.9957185511046305,0.3176944518244227,0.8309146008067216,0.48712829589842954
2019-12-11,151.54,151.1002798547717,151.24701091557657,150.73407750374798,150.83163452148438,0.4397201452282786,0.2929890844234251,0.8059224962520091,0.708365478515617
2019-12-12,151.65,151.84819911980557,151.5003730858821,150.83440982917904,151.4520263671875,-0.19819911980556526,0.14962691411790274,0.8155901708209683,0.19797363281250568
2019-12-13,153.0,152.01234317420185,151.6297672693916,150.9168012907326,151.41615295410156,0.9876568257981546,1.370232730608393,2.083198709267407,1.5838470458984375
2019-12-16,155.11,152.91829156558217,152.81492333131695,151.14720557665333,151.98538208007812,2.1917084344178477,2.295076668683066,3.962794423346679,3.1246179199218886
2019-12-17,155.45,154.95956374222436,154.80467941311778,152.38141521486557,152.39190673828125,0.4904362577756274,0.6453205868822067,3.0685847851344192,3.0580932617187386
2019-12-18,154.3,155.26043728187722,155.3649644833547,153.17699273773155,153.5949249267578,-0.9604372818772049,-1.0649644833546859,1.1230072622684588,0.7050750732421989
2019-12-19,154.0,154.4351074557304,154.44140829634935,153.6644278994912,153.78585815429688,-0.4351074557303889,-0.4414082963493513,0.3355721005088128,0.214141845703125
2019-12-20,157.35,154.21752985599798,154.05850645523685,153.59295262770294,154.1330108642578,3.1324701440020135,3.291493544763142,3.757047372297052,3.216989135742182
2019-12-23,158.12,156.58442073373558,156.9099763634692,154.2088208684659,155.09133911132812,1.5355792662644205,1.2100236365307921,3.9111791315341122,3.0286608886718795
2019-12-24,157.48,157.97860270192763,157.96193387987205,154.6262583751044,155.39378356933594,-0.4986027019276378,-0.4819338798720594,2.8537416248955765,2.0862164306640523
2019-12-26,157.56,157.55476583122933,157.54346254336153,155.92577352411473,156.2352294921875,0.005234168770670067,0.01653745663847417,1.6342264758852707,1.3247705078125023
2019-12-27,159.45,157.70760320676317,157.55781895844615,156.54466880449127,156.927978515625,1.7423967932368214,1.8921810415538403,2.9053311955087224,2.5220214843749886
2019-12-30,158.99,158.69869843023167,159.20039929378487,157.24117559631063,157.510009765625,0.2913015697683363,-0.21039929378486022,1.7488244036893832,1.479990234375009
2019-12-31,156.77,158.63610373238663,159.01774499248214,157.74486115547361,157.62425231933594,-1.8661037323866196,-2.247744992482126,-0.9748611554736044,-0.8542523193359273
2020-01-02,158.78,157.59548029795985,157.06714197263645,156.36332290404047,157.08799743652344,1.1845197020401486,1.712858027363552,2.4166770959595283,1.6920025634765636
2020-01-03,158.32,158.91102110967807,158.5503890162918,157.52251688311685,157.78099060058594,-0.5910211096780813,-0.2303890162918094,0.7974831168831429,0.5390093994140557
2020-01-06,157.08,157.80831059110952,158.35098303852286,157.86835332806086,157.04942321777344,-0.7283105911095049,-1.270983038522843,-0.7883533280608503,0.030576782226575006
2020-01-07,159.32,157.43225936783384,157.25108221539753,157.98732318857637,158.2882080078125,1.8877406321661567,2.068917784602462,1.3326768114236245,1.0317919921874932
2020-01-08,158.93,158.72972274667052,159.03858544819465,158.0243052007948,158.10826110839844,0.20027725332948876,-0.10858544819464555,0.9056947992052073,0.8217388916015693
2020-01-09,161.84,159.33036542394134,158.94476598799704,157.8086473146298,158.08856201171875,2.5096345760586587,2.895234012002959,4.031352685370194,3.7514379882812534
2020-01-10,162.82,161.47714633215926,161.44620129003485,159.32567315735756,159.70005798339844,1.3428536678407283,1.3737987099651434,3.4943268426424368,3.1199420166015557
2020-01-13,161.76,162.52651027159882,162.63721041907033,160.48314955568142,160.627685546875,-0.7665102715988326,-0.8772104190703374,1.276850444318569,1.132314453124991
2020-01-14,163.39,162.27730102994983,161.87786110159172,161.30802153307476,161.50491333007812,1.112698970050161,1.512138898408267,2.0819784669252215,1.8850866699218614
2020-01-15,162.62,162.71756451088194,163.18568099108026,161.3612558082802,160.60008239746094,-0.09756451088193785,-0.5656809910802565,1.2587441917198134,2.019917602539067
2020-01-16,164.35,162.8749988586865,162.69662468565042,161.71127951126323,162.30416870117188,1.4750011413134985,1.6533753143495744,2.638720488736766,2.0458312988281193
2020-01-17,167.42,164.24029896767675,164.1252161064495,162.70574647102887,163.04222106933594,3.179701032323237,3.2947838935504876,4.714253528971113,4.37777893066405
2020-01-21,166.68,166.7212293922493,166.98261773512058,163.68649175685422,164.0217742919922,-0.04122939224930633,-0.30261773512057744,2.993508243145783,2.6582257080078193
2020-01-22,167.4,166.61334732300577,166.7201327604608,164.84600621466765,165.31224060058594,0.7866526769942368,0.6798672395391918,2.553993785332352,2.087759399414068
2020-01-23,166.19,167.20445009602872,167.3092522654017,165.49312966727717,165.8634490966797,-1.0144500960287246,-1.1192522654017125,0.6968703327228241,0.3265509033203102
2020-01-24,167.51,166.5736683154279,166.33985336212592,165.7562470590521,165.98915100097656,0.9363316845720817,1.170146637874069,1.7537529409478907,1.5208489990234284
2020-01-27,161.15,166.5544488604715,167.35258744050137,165.8556755813631,166.1357879638672,-5.40444886047149,-6.202587440501361,-4.705675581363096,-4.985787963867182
2020-01-28,163.78,161.47705943827557,162.00671893295515,164.17900458513708,160.8272705078125,2.3029405617244265,1.7732810670448487,-0.39900458513707804,2.952729492187501
2020-01-29,167.84,163.85874710324993,163.5296210955235,164.32601798340548,163.2563018798828,3.981252896750078,4.310378904476494,3.5139820165945252,4.583698120117191
2020-01-30,174.05,167.08435173292926,167.22825324399005,165.54071444743974,166.91070556640625,6.965648267070748,6.821746756009958,8.509285552560272,7.139294433593761
2020-01-31,172.21,172.94183007340303,173.20612710531276,169.1479652011876,170.42750549316406,-0.7318300734030174,-0.9961271053127518,3.0620347988124195,1.7824945068359455
2020-02-03,170.43,171.8101528116859,172.3347984335725,167.58637364052603,167.26075744628906,-1.380152811685889,-1.9047984335724948,2.843626359473973,3.1692425537109443
2020-02-04,177.14,171.27063959741537,170.6757816536251,168.374419018759,170.9856414794922,5.869360402584618,6.464218346374878,8.765580981240987,6.154358520507799
2020-02-05,184.03,176.3961311536085,176.26388565793738,172.5169168975469,172.35714721679688,7.633868846391493,7.766114342062622,11.513083102453095,11.672852783203126
2020-02-06,180.97,182.69800798045011,183.19848310232626,176.29208782828275,178.5519256591797,-1.7280079804501156,-2.2284831023262655,4.677912171717253,2.4180743408203114
2020-02-07,182.85,181.97909112596062,181.22602122734588,178.51053990079362,179.48057556152344,0.8709088740393724,1.6239787726541124,4.339460099206377,3.369424438476557
2020-02-10,183.58,181.88587524938703,182.65473437429847,179.6053799603174,178.47840881347656,1.6941247506129855,0.9252656257015417,3.9746200396826055,5.10159118652345
2020-02-11,190.65,183.90729912204014,183.46946808371848,180.48291287698422,182.2742462158203,6.742700877959862,7.180531916281524,10.16708712301579,8.375753784179693
2020-02-12,185.58,188.90652627675854,190.15001042747187,183.43118682900436,183.7454376220703,-3.3265262767585284,-4.570010427471857,2.148813170995652,1.8345623779297
2020-02-13,183.08,187.45665243790916,186.12139933990989,184.70949198412706,186.18850708007812,-4.376652437909144,-3.041399339909873,-1.6294919841270428,-3.1085070800781125
2020-02-14,183.25,183.1796452186272,183.46198799734972,184.06788980158728,184.61212158203125,0.07035478137279938,-0.2119879973497234,-0.8178898015872846,-1.36212158203125
2020-02-18,185.61,183.21678644934659,183.27652418795398,183.84766349206348,184.07586669921875,2.393213550653428,2.333475812046032,1.7623365079365385,1.5341333007812636
2020-02-19,188.06,184.85017969111524,185.31450992174217,184.95765036824295,185.5455780029297,3.2098203088847583,2.7454900782578306,3.1023496317570505,2.5144219970703148
2020-02-20,186.95,187.84506208276844,187.72182768244383,184.18952940115435,186.28091430664062,-0.8950620827684475,-0.7718276824438419,2.760470598845643,0.6690856933593636
2020-02-21,183.17,186.78901331117876,187.0457771062394,184.86350432789425,182.935791015625,-3.619013311178776,-3.8757771062394113,-1.69350432789426,0.2342089843749875
2020-02-24,167.77,183.21731781635887,183.65003938589868,183.10316828261602,182.8380126953125,-15.447317816358861,-15.88003938589867,-15.333168282616015,-15.06801269531249
2020-02-25,174.2,168.79447250923295,169.20743058684693,175.57951523934406,173.78611755371094,5.405527490767042,4.992569413153063,-1.379515239344073,0.41388244628905113
2020-02-26,169.71,171.22618614119529,173.63551400574224,174.38214427489183,175.33047485351562,-1.516186141195277,-3.9255140057422295,-4.672144274891821,-5.620474853515617
2020-02-27,163.32,171.92868826890128,170.22975117906762,173.3980793662912,173.010498046875,-8.60868826890129,-6.9097511790676265,-10.078079366291206,-9.690498046875007
2020-02-28,152.41,161.06978504714263,164.15696902731088,166.99055794224867,163.0565948486328,-8.659785047142634,-11.746969027310882,-14.580557942248674,-10.646594848632816
2020-03-02,165.31,154.67295195396517,153.08488561684084,157.60129188516484,151.6160888671875,10.637048046034835,12.225114383159166,7.7087081148351615,13.693911132812502
2020-03-03,173.8,164.79557673700546,163.681791084153,166.67882074046742,171.5153045654297,9.00442326299455,10.11820891584702,7.121179259532596,2.284695434570324
2020-03-04,168.49,170.5201759156304,172.78677846831718,165.0761493028862,160.80743408203125,-2.0301759156303945,-4.2967784683171715,3.4138506971138156,7.682565917968759
2020-03-05,166.05,171.92586892188933,168.99772048765396,169.33443808937392,170.5591278076172,-5.875868921889321,-2.947720487653953,-3.284438089373907,-4.509127807617176
2020-03-06,162.61,163.79297164913075,166.4057457049908,166.8965812667655,165.78892517089844,-1.1829716491307352,-3.795745704990793,-4.286581266765495,-3.178925170898424
2020-03-09,151.0,162.27400954014232,163.04658656842898,164.8447826668301,160.55519104003906,-11.274009540142316,-12.046586568428978,-13.844782666830099,-9.555191040039062
2020-03-10,158.16,149.6270105494608,152.12625016172018,155.08982521533397,154.7977752685547,8.53298945053919,6.033749838279817,3.0701747846660226,3.362224731445309
2020-03-11,157.13,159.5371209911166,157.45555915108338,159.08351190415962,156.61729431152344,-2.4071209911166136,-0.3255591510833824,-1.953511904159626,0.512705688476558
2020-03-12,145.3,155.27864804581867,157.1704595254807,157.30525260162094,154.7678680419922,-9.978648045818659,-11.870459525480697,-12.005252601620924,-9.467868041992176
2020-03-13,147.5,141.09097792897091,146.79583195791264,152.12487369830401,144.87600708007812,6.409022071029085,0.7041680420873604,-4.624873698304015,2.623992919921875
2020-03-16,140.0,153.6344471686581,147.41392727602386,152.55112477929222,150.75343322753906,-13.634447168658113,-7.4139272760238555,-12.551124779292223,-10.753433227539062
2020-03-17,140.0,133.49676939498298,140.9407208046259,144.7003654829394,139.8310089111328,6.503230605017023,-0.9407208046258972,-4.7003654829393895,0.1689910888671875
2020-03-18,138.0,142.67642535786942,139.90779723968438,143.60827134119145,142.13099670410156,-4.6764253578694195,-1.9077972396843847,-5.608271341191454,-4.1309967041015625
2020-03-19,142.77,137.68488940183494,137.97946056727292,140.19237625730773,138.18280029296875,5.085110598165073,4.790539432727087,2.577623742692282,4.58719970703126
2020-03-20,146.0,143.26172598915795,142.1994242270532,142.54694284247117,139.94537353515625,2.738274010842048,3.800575772946786,3.453057157528832,6.05462646484375
2020-03-23,137.01,146.1075061931725,145.54260969804304,142.03942899142277,138.34762573242188,-9.097506193172507,-8.532609698043046,-5.029428991422776,-1.337625732421884
2020-03-24,143.75,140.6811637599133,138.14763218812516,139.23300159856512,137.97119140625,3.0688362400867106,5.602367811874842,4.516998401434876,5.77880859375
2020-03-25,148.91,144.19093680485565,142.93168840173567,142.65869999878535,140.15553283691406,4.719063195144344,5.978311598264327,6.251300001214645,8.754467163085934
2020-03-26,148.4,145.99911286251998,148.07707724921653,145.63783586077835,144.24063110351562,2.4008871374800265,0.32292275078347643,2.762164139221653,4.159368896484381
2020-03-27,151.75,150.13857611842496,148.35560846050788,147.85671110173152,147.94189453125,1.6114238815750355,3.394391539492119,3.89328889826848,3.80810546875
2020-03-30,152.44,148.34046593739106,151.28143697169614,149.143850241825,145.26951599121094,4.099534062608939,1.1585630283038597,3.296149758175005,7.17048400878906
2020-03-31,159.4,155.13798052056165,152.28226161072894,151.1916392115953,151.98439025878906,4.262019479438351,7.117738389271068,8.208360788404718,7.415609741210943
2020-04-01,153.0,158.44238453144894,158.45499005158217,153.24782312863664,154.67486572265625,-5.442384531448937,-5.454990051582172,-0.24782312863663947,-1.67486572265625
2020-04-02,151.86,152.93085894760296,153.78171670150104,152.36846016405943,151.31524658203125,-1.070858947602943,-1.9217167015010261,-0.5084601640594144,0.5447534179687636
2020-04-03,155.1,154.26792956996098,152.1335284294786,152.5981951998382,151.279296875,0.8320704300390105,2.9664715705214064,2.501804800161807,3.8207031249999943
2020-04-06,160.32,155.188160700761,154.6689018131167,152.81845721307246,152.1895751953125,5.1318392992390045,5.651098186883303,7.50154278692753,8.130424804687493
2020-04-07,169.59,161.58363651335492,159.52595896893266,156.60026601082333,161.23524475097656,8.006363486645085,10.064041031067347,12.98973398917667,8.354755249023441
2020-04-08,165.67,166.12016344592934,168.384146966317,160.76647504584128,167.1431121826172,-0.4501634459293484,-2.714146966317003,4.903524954158712,-1.4731121826172
2020-04-09,166.36,167.75136195576894,166.01110858272344,162.5195963597178,165.01792907714844,-1.3913619557689287,0.348891417276576,3.8404036402822044,1.3420709228515761
2020-04-13,164.35,166.35587662391958,166.31447549434418,163.67355551533961,167.12367248535156,-2.0058766239195904,-1.9644754943441853,0.6764444846603794,-2.773672485351568
2020-04-14,169.0,164.79611126475427,164.60668271546209,164.59638447717577,166.45956420898438,4.203888735245727,4.393317284537915,4.403615522824225,2.540435791015625
2020-04-15,171.2,169.40370263543903,168.4148861390924,167.2636934004471,173.38795471191406,1.7962973645609566,2.785113860907586,3.9363065995528927,-2.187954711914074
2020-04-16,174.3,169.36158467880074,170.84272323691474,167.36029965188118,166.9500274658203,4.9384153211992725,3.457276763085275,6.9397003481188335,7.349972534179699
2020-04-17,179.5,174.08282762073623,173.90645981368428,170.05083002583527,175.5906524658203,5.417172379263775,5.593540186315721,9.449169974164732,3.9093475341796875
2020-04-20,176.63,179.12208410672238,178.9340407185211,173.65384241405934,178.09539794921875,-2.4920841067223876,-2.304040718521094,2.976157585940655,-1.4653979492187545
2020-04-21,173.5,175.69456818664813,177.0187182912933,175.81451978337086,180.67501831054688,-2.1945681866481266,-3.518718291293311,-2.314519783370855,-7.175018310546875
2020-04-22,171.39,172.68278702815488,173.9181153220441,170.10493156774143,169.9981231689453,-1.2927870281548905,-2.5281153220441013,1.285068432258555,1.3918768310546739
2020-04-23,174.11,173.87523392282128,171.69000496708617,173.75207809545478,172.91128540039062,0.2347660771787332,2.419995032913846,0.3579219045452362,1.1987145996093886
2020-04-24,172.06,173.45349867611873,173.81674802734625,173.5602315427979,174.35386657714844,-1.3934986761187247,-1.756748027346248,-1.5002315427979056,-2.2938665771484352
2020-04-27,176.59,173.98678335504738,172.27511597900755,173.26177665250268,173.31593322753906,2.6032166449526244,4.3148840209924515,3.328223347497328,3.274066772460941
2020-04-28,175.59,176.24157669579608,176.05516283185798,175.0227760118185,175.99696350097656,-0.6515766957960807,-0.465162831857981,0.567223988181496,-0.4069635009765591
2020-04-29,173.22,175.3735956431749,175.65830063394404,172.63129509148533,169.3671417236328,-2.1535956431748957,-2.4383006339440385,0.5887049085146714,3.8528582763671864
2020-04-30,180.0,175.20168347362022,173.52396353551262,174.41910172516575,177.83070373535156,4.798316526379779,6.476036464487379,5.580898274834254,2.1692962646484375
2020-05-01,175.8,177.29971842949635,179.16178873458932,175.6138010171596,178.65048217773438,-1.4997184294963404,-3.361788734589311,0.18619898284040914,-2.8504821777343636
2020-05-04,174.49,175.31646712150402,176.2839789072323,174.53048307090978,173.1985626220703,-0.8264671215040096,-1.7939789072322867,-0.04048307090977232,1.2914373779296966
2020-05-05,180.62,175.59073032104683,174.7391264912636,175.75810031529184,178.10231018066406,5.02926967895317,5.880873508736414,4.861899684708163,2.517689819335942
2020-05-06,182.08,180.01795027277927,179.8040337043901,178.0129376145824,181.1581573486328,2.0620497272207388,2.275966295609919,4.067062385417614,0.9218426513672
2020-05-07,184.17,181.83733139911072,181.80404660853827,179.01788344697806,181.59181213378906,2.3326686008892636,2.3659533914617157,5.152116553021926,2.578187866210925
2020-05-08,184.98,184.46603792599927,183.89783523735557,180.70642728825894,183.24317932128906,0.513962074000716,1.0821647626444246,4.273572711741053,1.7368206787109273
2020-05-11,183.15,185.8616712806531,184.89227595203602,181.8068365527808,184.782470703125,-2.7116712806530927,-1.7422759520360103,1.3431634472192115,-1.6324707031249943
2020-05-12,186.8,183.58395820659385,183.4271554246675,182.70081050490356,184.84471130371094,3.2160417934061627,3.372844575332522,4.099189495096454,1.9552886962890739
2020-05-13,182.55,183.9790235679794,186.38875200081335,181.06729552886412,181.78553771972656,-1.4290235679793852,-3.8387520008133436,1.4827044711358894,0.7644622802734489
2020-05-14,177.54,182.95067419199952,183.13172391774683,180.50638499191118,177.19520568847656,-5.410674191999533,-5.591723917746833,-2.966384991911184,0.34479431152342954
2020-05-15,179.06,179.62748223686847,178.2804836188333,180.95876784163255,180.21920776367188,-0.5674822368684715,0.779516381166701,-1.898767841632548,-1.1592077636718727
2020-05-18,185.75,178.92695601330647,178.95075557940424,180.32971129778133,182.37864685058594,6.823043986693534,6.799244420595755,5.42028870221867,3.3713531494140625
2020-05-19,185.03,185.2426958082696,184.8433721204375,182.38391197972692,184.95126342773438,-0.21269580826958645,0.18662787956250781,2.6460880202730834,0.07873657226562614
2020-05-20,184.81,184.68810821446297,185.00551632996644,183.2173721581604,183.22589111328125,0.12189178553703073,-0.19551632996643775,1.592627841839601,1.5841088867187523
2020-05-21,185.4,185.675859763378,184.83601566835677,183.54975990909847,184.80531311035156,-0.27585976337800844,0.5639843316432405,1.8502400909015364,0.5946868896484432
2020-05-22,183.19,184.5774436405976,185.32491634243658,183.5478658500098,182.95852661132812,-1.3874436405976098,-2.1349163424365827,-0.35786585000980153,0.23147338867187273
2020-05-26,186.34,184.02069454836143,183.4749523532459,183.51647507868634,183.94735717773438,2.31930545163857,2.865047646754107,2.8235249213136626,2.3926428222656284
2020-05-27,180.2,185.66601107837496,185.9531031149904,183.6312300881917,182.17161560058594,-5.466011078374976,-5.7531031149904095,-3.431230088191711,-1.9716156005859489
2020-05-28,180.74,181.93680039130564,181.00105240969884,182.16390487165208,181.16729736328125,-1.1968003913056293,-0.26105240969883425,-1.42390487165207,-0.4272973632812409
2020-05-29,182.73,179.90722646642422,180.77600846556152,182.44871425940465,179.75204467773438,2.82277353357577,1.9539915344384724,0.2812857405953366,2.9779553222656148
2020-06-01,182.54,182.90046506282695,182.45717140154318,182.93074042504625,184.4368133544922,-0.360465062826961,0.082828598456814,-0.3907404250462605,-1.8968133544921955
2020-06-02,184.25,182.49109222525374,182.52844622305128,183.67569206936528,182.77188110351562,1.7589077747462625,1.7215537769487241,0.574307930634717,1.478118896484375
2020-06-03,184.82,183.9816656227534,184.00992268454544,183.60419396501302,184.53390502929688,0.8383343772465821,0.8100773154545493,1.2158060349869686,0.2860949707031182
2020-06-04,184.3,185.1655312663114,184.70746076136487,183.55999934078054,186.2125244140625,-0.8655312663113932,-0.40746076136485954,0.7400006592194757,-1.9125244140624886
2020-06-05,182.62,184.13757874865237,184.35668874438983,183.42910484246178,183.0170440673828,-1.5175787486523689,-1.7366887443898236,-0.8091048424617782,-0.39704406738280795
2020-06-08,185.94,183.81423446347645,182.8614667000371,182.93336190924572,184.69642639160156,2.125765536523545,3.078533299962885,3.0066380907542793,1.2435736083984352
2020-06-09,188.0,184.82433630863318,185.50752818924687,183.9838867720502,185.6749725341797,3.1756636913668217,2.4924718107531305,4.016113227949802,2.3250274658203125
2020-06-10,191.13,186.9438956529443,187.6553704434257,184.44366282883152,186.41995239257812,4.186104347055704,3.4746295565742855,6.686337171168475,4.7100476074218705
2020-06-11,193.13,190.49414871782167,190.65949851719586,184.28525312612882,186.29185485839844,2.635851282178322,2.4705014828041385,8.844746873871173,6.838145141601558
2020-06-12,190.54,188.67316166259133,192.8027167846153,182.81776805097547,184.427001953125,1.866838337408666,-2.2627167846153213,7.722231949024518,6.112998046874992
2020-06-15,184.58,192.73398729184893,190.84456606478972,185.89120324008826,188.78346252441406,-8.153987291848921,-6.264566064789705,-1.311203240088247,-4.20346252441405
2020-06-16,192.89,186.96764257308004,185.40355479245187,185.830380010152,188.17132568359375,5.922357426919945,7.486445207548115,7.059619989847988,4.718674316406236
2020-06-17,195.03,190.93553367116314,191.81418812230683,188.2699122347238,191.06483459472656,4.094466328836859,3.21581187769317,6.760087765276211,3.9651654052734386
2020-06-18,194.0,194.71892876909448,194.58642730826926,189.75170415316472,191.41224670410156,-0.7189287690944752,-0.5864273082692648,4.248295846835276,2.5877532958984375
2020-06-19,198.59,194.35112158593995,194.08186630616078,190.52225173547117,193.13668823242188,4.2388784140600535,4.508133693839227,8.06774826452883,5.453311767578128
2020-06-22,195.79,197.02963759550335,197.95760692574825,192.41792478936225,193.0430908203125,-1.2396375955033534,-2.1676069257482595,3.372075210637746,2.746909179687492
2020-06-23,202.09,197.4479717337542,196.09820701174024,193.65769026540718,193.99049377441406,4.642028266245802,5.9917929882597605,8.43230973459282,8.099506225585941
2020-06-24,201.6,200.72063435090556,201.26008484223257,196.31570954289427,198.95193481445312,0.8793656490944386,0.33991515776742176,5.284290457105726,2.6480651855468693
2020-06-25,197.8,200.7725102923699,201.62722846353665,197.1336060281385,198.02886962890625,-2.97251029236989,-3.827228463536642,0.6663939718615097,-0.22886962890623863
2020-06-26,199.73,199.47042275626976,198.405771308269,198.52010170274167,199.5438995361328,0.2595772437302344,1.3242286917309798,1.20989829725832,0.18610046386717727
2020-06-29,195.78,198.04811254395102,199.564906948495,196.3301441512927,195.65963745117188,-2.2681125439510197,-3.7849069484950064,-0.5501441512926988,0.12036254882812614
2020-06-30,197.88,197.90762347043275,196.36836074009844,198.66137837024093,199.40011596679688,-0.027623470432757813,1.511639259901557,-0.7813783702409296,-1.5201159667968795
2020-07-01,203.14,198.04075876794246,197.66164460233657,198.56526521284275,199.0784149169922,5.099241232057523,5.478355397663421,4.57473478715724,4.061585083007799
2020-07-02,205.68,202.2879628262421,202.33595292459353,199.38106862137866,200.1537322998047,3.392037173757899,3.344047075406479,6.298931378621347,5.526267700195319
2020-07-06,208.83,205.49560990865385,205.24512991696426,201.29079724691977,201.87660217285156,3.3343900913461653,3.584870083035753,7.539202753080247,6.95339782714845
2020-07-07,210.45,208.52928451079796,208.398241899678,204.32184555194803,205.172607421875,1.9207154892020242,2.0517581003219902,6.1281544480519585,5.277392578124989
2020-07-08,210.07,209.21029958539177,210.37302184787865,206.3242669011544,206.2977294921875,0.859700414608227,-0.3030218478786537,3.745733098845591,3.772270507812493
2020-07-09,216.33,210.80681192087067,210.31362302746027,207.51307208152954,208.06195068359375,5.523188079129341,6.016376972539746,8.81692791847047,8.268049316406263
2020-07-10,213.62,214.71290660010393,215.7055371234349,210.18588496031748,211.30760192871094,-1.0929066001039303,-2.0855371234349036,3.434115039682524,2.312398071289067
2020-07-13,214.48,214.82954199609352,214.0795064549757,211.44929110750357,211.91336059570312,-0.3495419960935351,0.4004935450242897,3.0307088924964205,2.5666394042968648
2020-07-14,206.13,212.5019551531141,214.57119688355732,210.521404134199,208.47427368164062,-6.371955153114101,-8.441196883557325,-4.391404134199007,-2.3442736816406295
2020-07-15,209.56,208.93880000285532,207.38833549692964,211.07623766233758,212.54356384277344,0.6211999971446858,2.1716645030703603,-1.5162376623375735,-2.9835638427734352
2020-07-16,205.4,209.08120556189556,209.2736210970996,211.48331096958594,209.5028076171875,-3.6812055618955526,-3.8736210970996012,-6.083310969585938,-4.102807617187494
2020-07-17,204.47,206.2332651576895,206.00054681859305,209.0113523656899,207.12640380859375,-1.7632651576894887,-1.5305468185930522,-4.541352365689903,-2.656403808593751
2020-07-20,205.0,205.1034515748258,204.69280485860793,206.335650482573,202.97523498535156,-0.10345157482581158,0.3071951413920715,-1.3356504825729871,2.0247650146484375
2020-07-21,213.66,205.81464715586915,204.94575496963722,207.50519507575763,208.8856201171875,7.8453528441308436,8.714245030362775,6.15480492424237,4.774379882812497
2020-07-22,209.2,210.98046848481968,212.5442302737243,209.20722621336998,208.60459899902344,-1.7804684848196928,-3.344230273724321,-0.007226213369989409,0.5954010009765511
2020-07-23,207.19,210.73533468831008,209.7281745863948,211.15896541222662,211.53121948242188,-3.545334688310078,-2.5381745863948026,-3.9689654122266234,-4.341219482421877
2020-07-24,200.42,206.54888703353674,207.59780880258967,207.85916533841157,204.4753875732422,-6.128887033536756,-7.177808802589681,-7.439165338411584,-4.0553875732422
2020-07-27,201.47,202.0419630189651,201.46081716510363,204.62502700979567,199.04713439941406,-0.571963018965107,0.009182834896364511,-3.155027009795674,2.4228656005859364
2020-07-28,203.61,201.89669809389298,201.46867908109138,205.34039321258803,204.23545837402344,1.7133019061070343,2.141320918908633,-1.7303932125880124,-0.6254583740234239
2020-07-29,202.5,202.52161142908662,203.29630654549405,203.97547091168633,203.0366668701172,-0.021611429086618728,-0.7963065454940477,-1.4754709116863296,-0.5366668701171875
2020-07-30,201.0,203.51954328936213,202.61688680318534,204.99292374519698,206.08750915527344,-2.519543289362133,-1.6168868031853378,-3.9929237451969755,-5.0875091552734375
2020-07-31,204.4,201.1912935962253,201.23721864255606,203.51919503295008,203.7880859375,3.2087064037746984,3.162781357443947,0.8808049670499258,0.6119140625000057
2020-08-03,211.52,203.77577419387677,203.93215141763295,203.05054653895905,205.76007080078125,7.744225806123239,7.587848582367059,8.469453461040956,5.75992919921876
2020-08-04,214.17,210.18690341009145,210.4401384081679,208.58842045297501,212.74887084960938,3.9830965899085413,3.7298615918320763,5.5815795470249725,1.4211291503906125
2020-08-05,214.9,213.66762129370252,213.67270589611476,210.04479517039334,210.9176788330078,1.2323787062974816,1.2272941038852423,4.855204829606663,3.982321166992193
2020-08-06,212.34,214.9809788200716,214.7364166721312,211.54541632584733,213.23187255859375,-2.6409788200716093,-2.3964166721312097,0.7945836741526762,-0.8918725585937466
2020-08-07,214.85,213.21636819221163,212.6634438180467,211.719832617664,212.5491943359375,1.6336318077883618,2.186556181953307,3.1301673823359977,2.3008056640624943
2020-08-10,211.67,213.86554256914738,214.55250285852813,211.28303908667013,209.34161376953125,-2.195542569147392,-2.8825028585281416,0.38696091332985816,2.3283862304687375
2020-08-11,207.16,212.54148089052828,212.06604839024916,210.9484838212914,209.587158203125,-5.38148089052828,-4.906048390249168,-3.7884838212914076,-2.4271582031250034
2020-08-12,205.29,207.3044435172953,207.81841737900834,206.65366387934398,204.2381134033203,-2.0144435172953195,-2.5284173790083457,-1.3636638793439886,1.0518865966796795
2020-08-13,209.44,206.6604773264696,205.61971859575291,209.15684013375537,209.7630157470703,2.7795226735304084,3.8202814042470834,0.2831598662446311,-0.3230157470703148
2020-08-14,208.76,208.41261757561668,208.9285880174417,209.0230939239501,209.4321746826172,0.3473824243833121,-0.1685880174417207,-0.2630939239501231,-0.6721746826171966
2020-08-17,209.6,208.8634579872846,208.78258528600338,209.3196828776727,208.34161376953125,0.7365420127154039,0.8174147139966124,0.2803171223272898,1.2583862304687443
2020-08-18,210.53,209.74607732492822,209.49023980936116,210.2882905947234,209.8532257080078,0.7839226750717785,1.0397601906388445,0.24170940527659468,0.6767742919921886
2020-08-19,211.49,210.33760806876032,210.39062704084262,210.56855658463041,212.37673950195312,1.1523919312396913,1.0993729591573924,0.9214434153695947,-0.8867395019531159
2020-08-20,209.54,210.7544071958175,211.34298956207337,210.13557397596594,208.997802734375,-1.2144071958175005,-1.8029895620733782,-0.595573975965948,0.542197265624992
2020-08-21,213.86,210.29604638171767,209.78205718692556,211.3848053698973,212.5913543701172,3.5639536182823406,4.077942813074458,2.4751946301027203,1.2686456298828261
2020-08-24,214.79,212.7905501126974,213.30620014235961,211.47999323121505,213.53526306152344,1.9994498873026032,1.4837998576403777,3.3100067687849446,1.2547369384765545
2020-08-25,213.1,214.7980116399361,214.59108538723822,212.11407786141368,213.25648498535156,-1.6980116399361123,-1.491085387238229,0.9859221385863179,-0.15648498535156818
2020-08-26,217.88,213.58664187944296,213.3014652942073,211.48522271337515,212.6675262451172,4.293358120557031,4.578534705792691,6.394777286624844,5.212473754882808
2020-08-27,222.89,216.73034331056564,217.2549847335996,213.34301697060462,214.0301055908203,6.1596566894343425,5.635015266400387,9.546983029395363,8.859894409179674
2020-08-28,228.18,221.28412842285738,222.15695708438375,215.18540239759037,215.0227508544922,6.895871577142628,6.023042915616259,12.994597602409641,13.15724914550782
2020-08-31,227.0,227.56536034045703,227.45154798299345,220.4488682333929,223.48550415039062,-0.5653603404570333,-0.45154798299344634,6.551131766607114,3.514495849609375
2020-09-01,225.51,226.8754097660331,227.05483845074127,221.827029224918,224.41383361816406,-1.3654097660331104,-1.5448384507412811,3.6829707750819978,1.0961663818359284
2020-09-02,227.97,225.7635372441092,225.69979306205687,224.04745707026706,225.41073608398438,2.2064627558908114,2.2702069379431293,3.9225429297329413,2.559263916015624
2020-09-03,229.27,227.28810545944745,227.6894403303362,225.2855705122656,226.99984741210938,1.9818945405525596,1.5805596696638133,3.984429487734417,2.2701525878906352
2020-09-04,215.1,226.18283591905225,229.0759673504499,221.83198368411152,225.15284729003906,-11.082835919052258,-13.975967350449906,-6.731983684111526,-10.052847290039068
2020-09-08,206.5,219.13581664013535,216.899881180953,218.1437405334295,215.03575134277344,-12.635816640135346,-10.399881180953003,-11.643740533429508,-8.535751342773438
2020-09-09,207.6,207.38051588579927,207.45797629170934,209.73372291781735,201.7880096435547,0.2194841142007249,0.14202370829065103,-2.1337229178173516,5.811990356445307
2020-09-10,213.4,209.01658793734745,207.58666705460035,211.09147380641403,210.32435607910156,4.383412062652553,5.813332945399651,2.308526193585976,3.075643920898443
2020-09-11,207.2,211.48114472496692,212.8308765634555,210.24789163698495,205.5453338623047,-4.281144724966936,-5.630876563455502,-3.047891636984957,1.6546661376953011
2020-09-14,204.24,209.35785841497676,207.7882912196526,209.03324905887038,205.8090057373047,-5.117858414976752,-3.548291219652583,-4.793249058870373,-1.5690057373046784
2020-09-15,208.42,205.61955597227262,204.59705499235386,209.44047214692856,206.9781951904297,2.800444027727366,3.822945007646126,-1.0204721469285687,1.4418048095703
2020-09-16,210.62,207.40325552713108,208.02103836328985,210.18694210200928,209.79393005371094,3.2167444728689247,2.5989616367101576,0.4330578979907216,0.826069946289067
2020-09-17,200.05,209.62254279107566,210.35370538535338,208.85163016234495,207.2616424560547,-9.572542791075648,-10.303705385353368,-8.801630162344935,-7.211642456054676
2020-09-18,202.8,202.27881446613702,201.1788509499275,206.17282345904212,201.2236328125,0.5211855338629903,1.6211490500725176,-3.3728234590421096,1.5763671875000114
2020-09-21,197.19,201.8819646919177,202.62024250298256,205.2569172048734,197.45407104492188,-4.69196469191769,-5.430242502982566,-8.066917204873391,-0.2640710449218773
2020-09-22,205.06,198.4921768344143,197.80874854405025,204.11118361993556,202.4202880859375,6.567823165585708,7.251251455949756,0.9488163800644429,2.6397119140625023
2020-09-23,207.9,203.55066847479557,204.17769025009287,207.18513918345704,208.609619140625,4.349331525204434,3.72230974990714,0.7148608165429664,-0.7096191406249943
2020-09-24,199.85,206.3462826235866,207.46796684959435,205.56919815898826,201.1448974609375,-6.496282623586609,-7.617966849594353,-5.719198158988263,-1.2948974609375057
2020-09-25,203.55,202.19602897515298,200.7953501680208,204.93912784957695,203.33026123046875,1.3539710248470271,2.754649831979208,-1.389127849576937,0.21973876953126137
2020-09-28,210.88,203.5080012713057,203.19890988538472,207.05127272748737,207.35000610351562,7.371998728694308,7.681090114615273,3.828727272512623,3.5299938964843705
2020-09-29,209.35,209.55107089696747,209.91501668275902,209.10937255356498,210.69923400878906,-0.20107089696747948,-0.5650166827590226,0.24062744643501333,-1.3492340087890682
2020-09-30,207.73,209.37950125798707,209.42060950644822,208.68056358971114,207.62367248535156,-1.6495012579870831,-1.6906095064482258,-0.9505635897111517,0.10632751464842727
2020-10-01,213.49,208.0864681887937,207.9444741761161,208.96795821113847,212.05201721191406,5.403531811206307,5.5455258238839065,4.522041788861543,1.4379827880859466
2020-10-02,208.0,212.35550026689657,212.77590509129618,210.66010478473908,215.36962890625,-4.35550026689657,-4.775905091296181,-2.660104784739076,-7.36962890625
2020-10-05,207.22,208.4656264845285,208.63749227593823,208.08797990256753,206.9134063720703,-1.2456264845285148,-1.4174922759382298,-0.8679799025675266,0.30659362792968636
2020-10-06,208.82,207.82740016286846,207.40796994218948,209.52548304228156,212.69886779785156,0.9925998371315359,1.4120300578105116,-0.7054830422815712,-3.8788677978515693
2020-10-07,207.06,207.48125716512803,208.63141869239132,208.51670070737316,206.81112670898438,-0.4212571651280257,-1.571418692391319,-1.4567007073731588,0.24887329101562727
2020-10-08,210.51,208.33015769283452,207.27058791357382,209.5073722147502,210.64451599121094,2.1798423071654724,3.239412086426171,1.0026277852497856,-0.1345159912109466
2020-10-09,211.23,210.02690280209552,210.07277750542562,210.54420317120898,210.51646423339844,1.2030971979044693,1.1572224945743699,0.6857968287910126,0.7135357666015523
2020-10-12,218.79,211.69615739124035,211.07491550616598,214.180197618249,214.9954833984375,7.093842608759644,7.715084493834013,4.609802381750995,3.794516601562492
2020-10-13,222.72,217.44485225543372,217.77422706916727,219.0699935954385,222.76089477539062,5.275147744566283,4.945772930832732,3.650006404561509,-0.04089477539062614
2020-10-14,223.0,221.33931923440656,222.11656883605542,221.89548474788043,224.19192504882812,1.6606807655934404,0.8834311639445787,1.104515252119569,-1.191925048828125
2020-10-15,217.1,222.63098199707827,222.89260248617384,221.9645613087009,222.7001190185547,-5.530981997078271,-5.792602486173848,-4.8645613087009,-5.600119018554693
2020-10-16,220.15,218.40206800361648,217.820375053524,218.87073225264666,219.33700561523438,1.747931996383528,2.3296249464760024,1.2792677473533445,0.8129943847656307
2020-10-19,220.42,219.14346358258206,219.85573230862798,220.82132747813984,221.72250366210938,1.2765364174179297,0.5642676913720095,-0.4013274781398479,-1.3025036621093875
2020-10-20,215.8,219.829132179661,220.3484058708021,217.29267258688375,213.4453887939453,-4.029132179660991,-4.5484058708021,-1.4926725868837423,2.354611206054699
2020-10-21,213.12,217.06577811955762,216.38068066769236,216.159345144519,216.48385620117188,-3.945778119557616,-3.2606806676923554,-3.0393451445189896,-3.3638562011718705
2020-10-22,213.93,213.65719876872234,213.5248058506492,214.13230822526583,215.83262634277344,0.2728012312776684,0.40519414935081954,-0.20230822526582415,-1.9026263427734307
2020-10-23,215.03,213.90938370748142,213.87951017871694,213.55640954602376,214.3141632080078,1.1206162925185765,1.1504898212830597,1.473590453976243,0.7158367919921886
2020-10-26,213.85,215.06522214551543,214.88619143948316,215.46435630848566,217.9426727294922,-1.2152221455154404,-1.0361914394831615,-1.614356308485668,-4.092672729492193
2020-10-27,211.59,212.62166875990255,213.979742356224,211.14919094321615,209.42364501953125,-1.0316687599025443,-2.389742356223991,0.4408090567838485,2.1663549804687534
2020-10-28,207.67,212.00637822172138,211.88819256977635,212.28344104786586,215.8153533935547,-4.3363782217213895,-4.218192569776363,-4.6134410478658765,-8.1453533935547
2020-10-29,204.07,206.11507608196237,208.18646333443533,206.9454637091054,203.3476104736328,-2.045076081962378,-4.116463334435338,-2.875463709105418,0.7223895263671807
2020-10-30,203.5,206.01413079871512,204.5567659125542,206.955067724391,205.961669921875,-2.514130798715115,-1.056765912554198,-3.455067724391,-2.461669921875
2020-11-02,204.29,202.9760002949008,203.62387349420217,204.8291358945007,200.4212646484375,1.313999705099178,0.6661265057978198,-0.5391358945007028,3.868735351562492
2020-11-03,203.89,204.6027285448873,204.2114664377205,205.6842457837268,203.22286987304688,-0.7127285448873124,-0.32146643772051675,-1.794245783726808,0.6671301269531114
2020-11-04,214.02,204.92031785292343,203.92792773847265,206.83568671132588,208.40835571289062,9.099682147076578,10.092072261527363,7.184313288674133,5.611644287109385
2020-11-05,222.04,213.57516834654288,212.82369210818405,214.60709501537386,216.91639709472656,8.46483165345711,9.216307891815944,7.432904984626134,5.1236029052734295
2020-11-06,222.26,221.23504459303552,221.14063837672026,218.44272198751983,225.8057098388672,1.024955406964466,1.1193616232797297,3.817278012480159,-3.5457098388671966
2020-11-09,224.44,222.41445734576138,222.15318202664275,220.6468410204403,223.21153259277344,2.0255426542386203,2.2868179733572447,3.7931589795597063,1.2284674072265602
2020-11-10,214.5,223.3143794549904,224.2196264005534,220.9381325714209,219.92697143554688,-8.814379454990387,-9.719626400553409,-6.438132571420908,-5.426971435546875
2020-11-11,212.39,216.9336969906516,215.48324011833475,213.75246051234427,211.22335815429688,-4.543696990651625,-3.093240118334762,-1.3624605123442848,1.1666418457031114
2020-11-12,217.21,213.58449083348776,212.68019416324682,217.37078962644907,220.2938690185547,3.625509166512245,4.529805836753184,-0.16078962644905914,-3.0838690185546795
2020-11-13,216.36,215.36106575556488,216.76256308052672,217.31374573718938,216.4284210205078,0.9989342444351337,-0.4025630805267042,-0.9537457371893652,-0.06842102050779886
2020-11-16,214.87,217.3788759028165,216.39988689082122,217.16534460259348,218.66229248046875,-2.5088759028164986,-1.529886890821217,-2.295344602593474,-3.7922924804687455
2020-11-17,216.1,215.4147702665949,215.02210343815676,216.8552575773868,218.93569946289062,0.6852297334050945,1.0778965618432323,-0.7552575773868,-2.8356994628906307
2020-11-18,213.65,215.40912443788028,215.99253039653829,216.29029987860383,214.93331909179688,-1.7591244378802742,-2.3425303965382795,-2.6402998786038268,-1.2833190917968693
2020-11-19,211.38,213.84012773905192,213.88463975376374,214.47156763865752,211.4091796875,-2.460127739051927,-2.5046397537637404,-3.091567638657523,-0.029179687500004547
2020-11-20,212.2,212.28922735936595,211.62785748649907,213.7351804203753,213.72531127929688,-0.08922735936596382,0.5721425135009213,-1.5351804203752977,-1.5253112792968864
2020-11-23,210.95,211.65280398459385,212.14323041379106,213.28150113200357,211.1139373779297,-0.7028039845938565,-1.1932304137910705,-2.331501132003581,-0.16393737792969887
2020-11-24,209.59,211.4969199033971,211.06865451228472,212.93948263783253,211.00511169433594,-1.906919903397096,-1.4786545122847201,-3.349482637832523,-1.415111694335934
2020-11-25,215.11,210.38086038584223,209.7364939556837,213.617125141078,215.1119384765625,4.729139614157788,5.373506044316315,1.492874858922022,-0.0019384765624863576
2020-11-27,214.85,213.83825336302226,214.56860409496358,213.8911892566627,213.97772216796875,1.0117466369777333,0.281395905036419,0.9588107433372954,0.8722778320312443
2020-11-30,214.1,215.33372865281206,214.82186601656213,214.78355770319817,214.9349365234375,-1.2337286528120615,-0.7218660165621316,-0.6835577031981757,-0.8349365234375057
2020-12-01,214.51,214.0443258927672,214.17263135612754,213.6811880781584,214.24917602539062,0.4656741072327861,0.3373686438724519,0.8288119218415773,0.2608239746093659
2020-12-02,214.88,214.59022900754158,214.476039339559,214.87885205278803,215.74095153808594,0.28977099245841487,0.4039606604409869,0.001147947211961764,-0.860951538085942
2020-12-03,214.61,214.51200361562078,214.83934207529379,214.7893392873731,215.56724548339844,0.09799638437922908,-0.22934207529377204,-0.17933928737309657,-0.9572454833984239
2020-12-04,214.22,214.66057098310773,214.63308685398732,214.6512522335974,214.45590209960938,-0.4405709831077331,-0.41308685398732337,-0.43125223359740517,-0.23590209960937614
2020-12-07,214.37,214.54920126880808,214.26157858094967,214.41026018487406,214.21878051757812,-0.17920126880807175,0.10842141905033031,-0.04026018487405736,0.15121948242187955
2020-12-08,213.97,214.16218833871744,214.3590863376458,214.11490650020892,214.3324737548828,-0.19218833871744323,-0.38908633764580713,-0.1449065002089185,-0.36247375488281364
2020-12-09,215.16,214.137169853838,214.0091686492454,214.17310757958913,215.7994384765625,1.0228301461619935,1.1508313507546006,0.986892420410868,-0.6394384765625034
2020-12-10,211.77,214.01205518792037,215.04405062610874,212.97632448737372,210.38674926757812,-2.242055187920357,-3.274050626108732,-1.2063244873737062,1.3832507324218852
2020-12-11,210.05,212.950345459203,212.10215781169174,212.6198984416236,212.16073608398438,-2.900345459202981,-2.0521578116917283,-2.569898441623593,-2.1107360839843636
2020-12-14,213.1,210.09381209968126,210.2551922330524,213.62106135990194,213.8232879638672,3.0061879003187357,2.844807766947582,-0.5210613599019496,-0.7232879638671932
2020-12-15,215.17,212.09910988430502,212.81149089523788,214.06066211167396,214.22865295410156,3.070890115694965,2.3585091047621063,1.1093378883260243,0.941347045898425
2020-12-16,214.75,215.3830132500311,214.93373552976988,214.17846724358944,214.38238525390625,-0.6330132500310981,-0.1837355297698764,0.5715327564105621,0.36761474609375
2020-12-17,219.87,214.953733900388,214.7684230640751,216.24937659606883,216.34375,4.916266099612017,5.101576935924896,3.6206234039311767,3.5262500000000045
2020-12-18,218.59,218.87944336225044,219.35818195387154,218.38712503888203,218.4795379638672,-0.289443362250438,-0.7681819538715331,0.20287496111797054,0.11046203613281591
2020-12-21,217.55,219.04451540510394,218.6672620609288,217.76909325278237,217.84820556640625,-1.4945154051039253,-1.1172620609287947,-0.2190932527823577,-0.29820556640623863
2020-12-22,222.69,216.8355013496839,217.66288817070088,220.58810789033188,221.45065307617188,5.8544986503160885,5.027111829299116,2.101892109668114,1.2393469238281227
2020-12-23,223.11,221.65885830867197,222.17652204529395,220.32834249369245,225.14773559570312,1.451141691328047,0.9334779547060634,2.7816575063075675,-2.0377355957031114
2020-12-24,221.42,223.39073268510717,223.01590910588692,220.3349338569404,219.60585021972656,-1.9707326851071798,-1.595909105886932,1.0850661430595778,1.814149780273425
2020-12-28,224.45,222.29981989564791,221.58226786330815,221.1327512834772,223.31964111328125,2.1501801043520743,2.867732136691842,3.3172487165227835,1.1303588867187386
2020-12-29,226.31,223.8673088320439,224.15609086617417,221.92756400979908,224.3308563232422,2.4426911679560988,2.1539091338258345,4.382435990200918,1.9791436767578148
2020-12-30,225.23,225.45394386976736,226.09193558415794,222.24020701673436,222.34584045410156,-0.2239438697673677,-0.8619355841579477,2.9897929832656303,2.8841595458984273
2020-12-31,221.7,225.61184242883897,225.31763717626393,222.98126117453685,222.44601440429688,-3.9118424288389804,-3.6176371762639405,-1.2812611745368656,-0.7460144042968864
2021-01-04,222.53,222.54249402610586,222.06666031497915,222.14854251580076,222.30665588378906,-0.012494026105855482,0.46333968502085554,0.3814574841992453,0.22334411621093864
2021-01-05,217.26,220.880148570558,222.4830058248476,218.62324778445355,215.67453002929688,-3.620148570558001,-5.223005824847604,-1.3632477844535629,1.585469970703116
2021-01-06,212.17,219.11864911464775,217.79161230561678,218.71931164231236,217.71646118164062,-6.948649114647765,-5.621612305616793,-6.549311642312375,-5.5464611816406375
2021-01-07,214.04,213.02500163569647,212.70749003622936,213.87263106699677,211.750732421875,1.0149983643035227,1.332509963770633,0.16736893300321753,2.289267578124992
2021-01-08,218.68,214.67826210923033,213.91077816384336,215.76817762736337,216.9010009765625,4.001737890769675,4.769221836156646,2.9118223726366352,1.7789990234375068
2021-01-11,218.47,217.89988314208952,218.21741440797766,218.54413217257422,219.1823272705078,0.5701168579104774,0.2525855920223421,-0.07413217257422389,-0.7123272705078136
2021-01-12,216.5,217.47894451494685,218.44566790298808,217.2836477780764,215.14869689941406,-0.9789445149468463,-1.9456679029880775,-0.7836477780764142,1.3513031005859375
2021-01-13,214.02,217.1581799033805,216.68879107582174,215.54558108785147,214.09400939941406,-3.1381799033804896,-2.66879107582173,-1.5255810878514637,-0.07400939941405227
2021-01-14,215.91,214.9492140389779,214.27620070347945,215.5724441174656,216.2675323486328,0.9607859610220828,1.6337992965205501,0.33755588253438873,-0.3575323486328159
2021-01-15,213.52,215.1101556218087,215.75181956838765,214.77151977531838,213.3997039794922,-1.590155621808691,-2.2318195683876354,-1.2515197753183713,0.12029602050782273
2021-01-19,213.75,213.64599371192563,213.73765869057962,214.06292463297078,212.7139892578125,0.10400628807437329,0.012341309420378366,-0.3129246329707769,1.0360107421875
2021-01-20,217.7,214.26477544231105,213.74879688670265,215.1042046434361,216.56805419921875,3.43522455768894,3.951203113297339,2.595795356563883,1.1319458007812386
2021-01-21,224.7,217.51356242926525,217.3139189718641,219.56940201773193,224.63380432128906,7.186437570734739,7.386081028135891,5.130597982268057,0.06619567871092613
2021-01-22,227.08,223.12168141972074,224.02210349292184,221.57989876422025,225.6341552734375,3.9583185802792684,3.057896507078169,5.500101235779766,1.4458447265625125
2021-01-25,229.12,226.52671057852635,226.81545480089852,222.67238663584368,225.55894470214844,2.5932894214736564,2.304545199101483,6.447613364156325,3.561055297851567
2021-01-26,231.86,228.51267287728865,228.92258060910282,224.38699705444705,227.12648010253906,3.347327122711363,2.9374193908971904,7.473002945552963,4.733519897460951
2021-01-27,238.0,231.13517974390857,231.6123135163231,226.13056844631407,228.4927978515625,6.864820256091434,6.387686483676902,11.869431553685928,9.5072021484375
2021-01-28,235.61,233.11247471877007,237.48590121832552,226.40878441081676,230.2328338623047,2.49752528122994,-1.8759012183255095,9.20121558918325,5.377166137695326
2021-01-29,235.99,237.86769944466153,235.7643486542438,229.88817576513426,232.51577758789062,-1.8776994446615163,0.22565134575620505,6.101824234865745,3.474222412109384
2021-02-01,235.06,235.2144968537793,235.97127256597497,226.7405125443277,230.30325317382812,-0.15449685377930678,-0.9112725659749685,8.319487455672316,4.756746826171877
2021-02-02,241.3,236.56948612551545,235.13567180792995,230.68613811472645,234.27943420410156,4.730513874484558,6.164328192070059,10.613861885273565,7.020565795898449
2021-02-03,239.57,241.0444622486706,240.7817850666246,233.22192339797886,236.91795349121094,-1.4744622486706191,-1.2117850666246,6.348076602021138,2.6520465087890557
2021-02-04,242.66,240.53444055627205,239.67283302110587,235.12983479320675,237.15243530273438,2.1255594437279512,2.9871669788941233,7.530165206793242,5.507564697265622
2021-02-05,242.23,242.42964017912723,242.4036596105455,237.28194235292491,238.51699829101562,-0.1996401791272433,-0.1736596105455135,4.948057647075075,3.7130017089843648
2021-02-08,243.15,242.65452425503346,242.24489623707632,239.1632519083695,240.3867645263672,0.4954757449665408,0.9051037629236873,3.986748091630517,2.763235473632818
2021-02-09,241.87,242.8581341658863,243.07224791939984,240.01683506854263,241.74642944335938,-0.9881341658862937,-1.2022479193998379,1.8531649314573713,0.12357055664062955
2021-02-10,245.0,241.90905201993525,241.97350423727377,241.06453178210674,241.43667602539062,3.0909479800647546,3.0264957627262277,3.935468217893259,3.563323974609375
2021-02-11,244.78,244.01317167200025,244.73758358998882,241.86082569208568,242.81561279296875,0.7668283279997468,0.042416410011185235,2.919174307914318,1.9643872070312511
2021-02-12,243.93,245.30680631995583,244.77632743615865,242.8439617010768,242.8328399658203,-1.3768063199558185,-0.8463274361586457,1.0860382989231994,1.0971600341796943
2021-02-16,245.03,244.4301119431409,244.00341942368772,242.4794587010213,242.89370727539062,0.5998880568591005,1.0265805763122842,2.5505412989787146,2.136292724609376
2021-02-17,241.32,244.25705278422723,244.9408011778535,243.3882900630742,242.83023071289062,-2.937052784227234,-3.620801177853508,-2.0682900630742154,-1.5102307128906318
2021-02-18,241.8,242.03507957143748,241.6369065044412,242.56406538872088,241.78697204589844,-0.23507957143746694,0.16309349555879749,-0.7640653887208657,0.013027954101573869
2021-02-19,243.75,241.32196659050985,241.78573907689068,242.20729785505438,240.40167236328125,2.428033409490155,1.9642609231093218,1.542702144945622,3.34832763671875
2021-02-22,237.42,243.60174714977165,243.5777418317119,242.38690677568206,242.3794708251953,-6.181747149771667,-6.157741831711917,-4.966906775682077,-4.959470825195325
2021-02-23,230.33,238.061352592353,237.97313331376296,238.96194232919862,239.1590118408203,-7.731352592352977,-7.643133313762945,-8.631942329198608,-8.8290118408203
2021-02-24,230.01,231.90504629992992,230.9492471768471,235.12466590005005,236.5450439453125,-1.8950462999299305,-0.9392471768471182,-5.114665900050056,-6.535043945312509
2021-02-25,232.08,230.728973777088,230.0844167883608,234.2222192639065,234.39028930664062,1.3510262229120258,1.9955832116392003,-2.1422192639064974,-2.3102893066406125
2021-02-26,231.53,229.15412981333327,231.91893284327443,231.68917563005274,223.83316040039062,2.375870186666731,-0.3889328432744321,-0.1591756300527436,7.696839599609376
2021-03-01,235.9,232.2835933868767,231.56143702784473,230.96682707944115,232.83250427246094,3.616406613123303,4.338562972155273,4.93317292055886,3.067495727539068
2021-03-02,237.01,236.78021912313488,235.54829003177502,233.11805776474347,237.22747802734375,0.22978087686510662,1.461709968224966,3.891942235256522,-0.2174780273437591
2021-03-03,232.16,235.9297415066623,236.89356225697236,233.84442661217653,231.94955444335938,-3.7697415066623137,-4.7335622569723625,-1.6844266121765372,0.2104455566406216
2021-03-04,226.74,232.14688866610743,232.54545268032047,232.3451140767154,231.41807556152344,-5.40688866610742,-5.805452680320457,-5.605114076715381,-4.678075561523428
2021-03-05,229.52,227.40788444906877,227.18320073238635,230.3780196306969,226.43798828125,2.112115550931236,2.3367992676136566,-0.8580196306969015,3.0820117187500102
2021-03-08,231.37,230.3708667357704,229.3361031412253,231.05330150446719,230.3147735595703,0.9991332642296129,2.0338968587747104,0.3166984955328189,1.055226440429692
2021-03-09,232.88,230.36578330521044,231.21031988377587,230.62247765138088,226.7568817138672,2.5142166947895532,1.6696801162241286,2.257522348619119,6.123118286132808
2021-03-10,237.0,233.98128770072145,232.7500485979896,232.93984222636556,236.5857391357422,3.0187122992785476,4.249951402010396,4.060157773634444,0.4142608642578125
2021-03-11,234.96,236.0279931531858,236.67514158963678,233.11251699816665,235.0597381591797,-1.067993153185796,-1.7151415896367723,1.8474830018333535,-0.09973815917967954
2021-03-12,234.01,236.16095496959144,235.09304789392343,234.74519435883408,236.81158447265625,-2.150954969591453,-1.0830478939234354,-0.735194358834093,-2.801584472656259
2021-03-15,234.96,233.83780496264123,234.09398569765682,234.40963180781299,233.8085174560547,1.1221950373587788,0.8660143023431885,0.5503681921870225,1.1514825439453205
2021-03-16,236.28,235.07771340202447,234.89267660227054,234.10909913533575,234.8843994140625,1.2022865979755295,1.3873233977294603,2.1709008646642474,1.3956005859375011
2021-03-17,236.15,235.97526753014364,236.1724020852936,234.28314632005328,237.02667236328125,0.17473246985636592,-0.022402085293606433,1.866853679946729,-0.8766723632812443
2021-03-18,232.56,236.36524719522373,236.1517371505842,234.3848295347291,235.29519653320312,-3.8052471952237283,-3.5917371505842084,-1.8248295347291048,-2.7351965332031227
2021-03-19,231.02,232.13182279238578,232.83883022632887,233.08713985216505,231.52606201171875,-1.111822792385766,-1.8188302263288563,-2.0671398521650417,-0.5060620117187398
2021-03-22,230.27,231.94328141136154,231.1587186786968,232.821727216233,232.85720825195312,-1.673281411361529,-0.8887186786967902,-2.5517272162329903,-2.5872082519531148
2021-03-23,237.49,231.21394236800737,230.33759161850773,233.05790745324572,232.694580078125,6.276057631992643,7.152408381492279,4.432092546754291,4.795419921875009
2021-03-24,237.85,235.01728079470163,236.9359656426664,233.65077297531337,235.9524688720703,2.8327192052983605,0.9140343573336054,4.199227024686621,1.8975311279296818
2021-03-25,235.3,237.50397565726442,237.78087775074096,234.1465697152125,232.8671417236328,-2.203975657264408,-2.4808777507409445,1.153430284787504,2.432858276367199
2021-03-26,231.55,236.6124496897437,235.49084020906133,233.6869424547407,234.03517150878906,-5.062449689743687,-3.940840209061321,-2.1369424547406766,-2.485171508789051
2021-03-29,236.59,232.95133572885302,231.84630672626272,234.27675698373662,235.40036010742188,3.638664271146979,4.743693273737279,2.3132430162633852,1.1896398925781284
2021-03-30,233.53,234.5138862810984,236.217277418798,234.8922618144153,233.87033081054688,-0.9838862810983926,-2.687277418798004,-1.362261814415291,-0.34033081054687386
2021-03-31,232.91,234.6045850460458,233.74677088699298,233.82818120593166,232.5022735595703,-1.6945850460458018,-0.83677088699298,-0.9181812059316599,0.4077264404296841
