base,data,modelo,y_real,y_previsto,tempo_execucao_s,hiperparametros,residuo,erro_abs
Bike Sales in Europe,2015-07-01,SARIMAX,1717003.0,288661.10053283273,0.31160926818847656,"{'transf': 'log', 'order': (0, 1, 2), 'seasonal_order': (1, 1, 0, 6), 'exog': 'idade_media_lag1+pct_cat_Accessories_lag1+pct_pais_Germany_lag1'}",1428341.8994671672,1428341.8994671672
Bike Sales in Europe,2015-07-01,Holt-Winters,1717003.0,470671.04425470595,0.0859062671661377,"{'trend': 'mul', 'damped': False, 'seasonal': 'mul', 'm': 12, 'boxcox': False}",1246331.955745294,1246331.955745294
Bike Sales in Europe,2015-07-01,Random Forest,1717003.0,849763.6398262115,0.3435170650482178,"{'params': {'n_estimators': 300, 'min_samples_split': 4, 'min_samples_leaf': 4, 'max_features': 'sqrt', 'max_depth': None}, 'modo': 'nivel'}",867239.3601737885,867239.3601737885
Bike Sales in Europe,2015-07-01,XGBoost,1717003.0,1049878.2396316528,1.0036604404449463,"{'params': {'subsample': 1.0, 'reg_lambda': 1, 'reg_alpha': 0, 'n_estimators': 600, 'min_child_weight': 3, 'max_depth': 6, 'learning_rate': 0.1, 'colsample_bytree': 0.6}, 'modo': 'nivel'}",667124.7603683472,667124.7603683472
Bike Sales in Europe,2015-07-01,Ingênuo,1717003.0,784598.0,0.0,y[t-1],932405.0,932405.0
Bike Sales in Europe,2015-07-01,Ingênuo sazonal,1717003.0,1215265.0,0.0,y[t-12],501738.0,501738.0
Bike Sales in Europe,2015-08-01,SARIMAX,2133889.0,1603468.7964725867,0.3013012409210205,"{'transf': 'log', 'order': (0, 1, 2), 'seasonal_order': (1, 1, 0, 6), 'exog': 'idade_media_lag1+pct_cat_Accessories_lag1+pct_pais_Germany_lag1'}",530420.2035274133,530420.2035274133
Bike Sales in Europe,2015-08-01,Holt-Winters,2133889.0,2077747.6019456182,0.06944751739501953,"{'trend': 'mul', 'damped': False, 'seasonal': 'mul', 'm': 12, 'boxcox': False}",56141.39805438183,56141.39805438183
Bike Sales in Europe,2015-08-01,Random Forest,2133889.0,1768535.6275760161,0.32301759719848633,"{'params': {'n_estimators': 300, 'min_samples_split': 4, 'min_samples_leaf': 4, 'max_features': 'sqrt', 'max_depth': None}, 'modo': 'nivel'}",365353.3724239839,365353.3724239839
Bike Sales in Europe,2015-08-01,XGBoost,2133889.0,1791412.7111434937,0.9065706729888916,"{'params': {'subsample': 1.0, 'reg_lambda': 1, 'reg_alpha': 0, 'n_estimators': 600, 'min_child_weight': 3, 'max_depth': 6, 'learning_rate': 0.1, 'colsample_bytree': 0.6}, 'modo': 'nivel'}",342476.28885650635,342476.28885650635
Bike Sales in Europe,2015-08-01,Ingênuo,2133889.0,1717003.0,0.0,y[t-1],416886.0,416886.0
Bike Sales in Europe,2015-08-01,Ingênuo sazonal,2133889.0,1751517.0,0.0,y[t-12],382372.0,382372.0
Bike Sales in Europe,2015-09-01,SARIMAX,2459302.0,3046400.1827990776,0.500779390335083,"{'transf': 'log', 'order': (0, 1, 2), 'seasonal_order': (1, 1, 0, 6), 'exog': 'idade_media_lag1+pct_cat_Accessories_lag1+pct_pais_Germany_lag1'}",-587098.1827990776,587098.1827990776
Bike Sales in Europe,2015-09-01,Holt-Winters,2459302.0,2242668.6630326067,0.19678139686584473,"{'trend': 'mul', 'damped': False, 'seasonal': 'mul', 'm': 12, 'boxcox': False}",216633.3369673933,216633.3369673933
Bike Sales in Europe,2015-09-01,Random Forest,2459302.0,2063859.8172298423,0.651320219039917,"{'params': {'n_estimators': 300, 'min_samples_split': 4, 'min_samples_leaf': 4, 'max_features': 'sqrt', 'max_depth': None}, 'modo': 'nivel'}",395442.1827701577,395442.1827701577
Bike Sales in Europe,2015-09-01,XGBoost,2459302.0,2111713.8862609863,1.2765607833862305,"{'params': {'subsample': 1.0, 'reg_lambda': 1, 'reg_alpha': 0, 'n_estimators': 600, 'min_child_weight': 3, 'max_depth': 6, 'learning_rate': 0.1, 'colsample_bytree': 0.6}, 'modo': 'nivel'}",347588.1137390137,347588.1137390137
Bike Sales in Europe,2015-09-01,Ingênuo,2459302.0,2133889.0,0.0,y[t-1],325413.0,325413.0
Bike Sales in Europe,2015-09-01,Ingênuo sazonal,2459302.0,1981176.0,0.0,y[t-12],478126.0,478126.0
Bike Sales in Europe,2015-10-01,SARIMAX,2510720.0,2867607.5378422895,0.41633129119873047,"{'transf': 'log', 'order': (0, 1, 2), 'seasonal_order': (1, 1, 0, 6), 'exog': 'idade_media_lag1+pct_cat_Accessories_lag1+pct_pais_Germany_lag1'}",-356887.53784228954,356887.53784228954
Bike Sales in Europe,2015-10-01,Holt-Winters,2510720.0,2510497.4812646913,0.20907950401306152,"{'trend': 'mul', 'damped': False, 'seasonal': 'mul', 'm': 12, 'boxcox': False}",222.51873530866578,222.51873530866578
Bike Sales in Europe,2015-10-01,Random Forest,2510720.0,2118732.9512135163,0.7139589786529541,"{'params': {'n_estimators': 300, 'min_samples_split': 4, 'min_samples_leaf': 4, 'max_features': 'sqrt', 'max_depth': None}, 'modo': 'nivel'}",391987.0487864837,391987.0487864837
Bike Sales in Europe,2015-10-01,XGBoost,2510720.0,2617168.664932251,1.5144267082214355,"{'params': {'subsample': 1.0, 'reg_lambda': 1, 'reg_alpha': 0, 'n_estimators': 600, 'min_child_weight': 3, 'max_depth': 6, 'learning_rate': 0.1, 'colsample_bytree': 0.6}, 'modo': 'nivel'}",-106448.66493225098,106448.66493225098
Bike Sales in Europe,2015-10-01,Ingênuo,2510720.0,2459302.0,0.0,y[t-1],51418.0,51418.0
Bike Sales in Europe,2015-10-01,Ingênuo sazonal,2510720.0,2024681.9999999998,0.0,y[t-12],486038.00000000023,486038.00000000023
Bike Sales in Europe,2015-11-01,SARIMAX,2827886.0,2754813.6719391085,0.29651498794555664,"{'transf': 'log', 'order': (0, 1, 2), 'seasonal_order': (1, 1, 0, 6), 'exog': 'idade_media_lag1+pct_cat_Accessories_lag1+pct_pais_Germany_lag1'}",73072.32806089148,73072.32806089148
Bike Sales in Europe,2015-11-01,Holt-Winters,2827886.0,2688437.256866077,0.06810331344604492,"{'trend': 'mul', 'damped': False, 'seasonal': 'mul', 'm': 12, 'boxcox': False}",139448.74313392304,139448.74313392304
Bike Sales in Europe,2015-11-01,Random Forest,2827886.0,2144286.273860713,0.3307046890258789,"{'params': {'n_estimators': 300, 'min_samples_split': 4, 'min_samples_leaf': 4, 'max_features': 'sqrt', 'max_depth': None}, 'modo': 'nivel'}",683599.726139287,683599.726139287
Bike Sales in Europe,2015-11-01,XGBoost,2827886.0,2351238.250732422,0.7687273025512695,"{'params': {'subsample': 1.0, 'reg_lambda': 1, 'reg_alpha': 0, 'n_estimators': 600, 'min_child_weight': 3, 'max_depth': 6, 'learning_rate': 0.1, 'colsample_bytree': 0.6}, 'modo': 'nivel'}",476647.7492675781,476647.7492675781
Bike Sales in Europe,2015-11-01,Ingênuo,2827886.0,2510720.0,0.0,y[t-1],317166.0,317166.0
Bike Sales in Europe,2015-11-01,Ingênuo sazonal,2827886.0,2211883.0,0.0,y[t-12],616003.0,616003.0
Bike Sales in Europe,2015-12-01,SARIMAX,3835500.0,3398618.8522035726,0.2578763961791992,"{'transf': 'log', 'order': (0, 1, 2), 'seasonal_order': (1, 1, 0, 6), 'exog': 'idade_media_lag1+pct_cat_Accessories_lag1+pct_pais_Germany_lag1'}",436881.14779642737,436881.14779642737
Bike Sales in Europe,2015-12-01,Holt-Winters,3835500.0,3923839.9963337677,0.06583046913146973,"{'trend': 'mul', 'damped': False, 'seasonal': 'mul', 'm': 12, 'boxcox': False}",-88339.99633376766,88339.99633376766
Bike Sales in Europe,2015-12-01,Random Forest,3835500.0,2350436.261651183,0.2872011661529541,"{'params': {'n_estimators': 300, 'min_samples_split': 4, 'min_samples_leaf': 4, 'max_features': 'sqrt', 'max_depth': None}, 'modo': 'nivel'}",1485063.738348817,1485063.738348817
Bike Sales in Europe,2015-12-01,XGBoost,3835500.0,1905355.9303283691,0.7727043628692627,"{'params': {'subsample': 1.0, 'reg_lambda': 1, 'reg_alpha': 0, 'n_estimators': 600, 'min_child_weight': 3, 'max_depth': 6, 'learning_rate': 0.1, 'colsample_bytree': 0.6}, 'modo': 'nivel'}",1930144.0696716309,1930144.0696716309
Bike Sales in Europe,2015-12-01,Ingênuo,3835500.0,2827886.0,0.0,y[t-1],1007614.0,1007614.0
Bike Sales in Europe,2015-12-01,Ingênuo sazonal,3835500.0,2968056.0,0.0,y[t-12],867444.0,867444.0
Bike Sales in Europe,2016-01-01,SARIMAX,2535084.0,1443725.6186380733,0.267092227935791,"{'transf': 'log', 'order': (0, 1, 2), 'seasonal_order': (1, 1, 0, 6), 'exog': 'idade_media_lag1+pct_cat_Accessories_lag1+pct_pais_Germany_lag1'}",1091358.3813619267,1091358.3813619267
Bike Sales in Europe,2016-01-01,Holt-Winters,2535084.0,1751999.087382507,0.0726630687713623,"{'trend': 'mul', 'damped': False, 'seasonal': 'mul', 'm': 12, 'boxcox': False}",783084.912617493,783084.912617493
Bike Sales in Europe,2016-01-01,Random Forest,2535084.0,2127526.968904604,0.2860267162322998,"{'params': {'n_estimators': 300, 'min_samples_split': 4, 'min_samples_leaf': 4, 'max_features': 'sqrt', 'max_depth': None}, 'modo': 'nivel'}",407557.0310953958,407557.0310953958
Bike Sales in Europe,2016-01-01,XGBoost,2535084.0,2176376.8196105957,0.8137781620025635,"{'params': {'subsample': 1.0, 'reg_lambda': 1, 'reg_alpha': 0, 'n_estimators': 600, 'min_child_weight': 3, 'max_depth': 6, 'learning_rate': 0.1, 'colsample_bytree': 0.6}, 'modo': 'nivel'}",358707.1803894043,358707.1803894043
Bike Sales in Europe,2016-01-01,Ingênuo,2535084.0,3835500.0,0.0,y[t-1],-1300416.0,1300416.0
Bike Sales in Europe,2016-01-01,Ingênuo sazonal,2535084.0,660671.0,0.0,y[t-12],1874413.0,1874413.0
Bike Sales in Europe,2016-02-01,SARIMAX,2436346.0,3533870.156202702,0.28580164909362793,"{'transf': 'log', 'order': (0, 1, 2), 'seasonal_order': (1, 1, 0, 6), 'exog': 'idade_media_lag1+pct_cat_Accessories_lag1+pct_pais_Germany_lag1'}",-1097524.1562027019,1097524.1562027019
Bike Sales in Europe,2016-02-01,Holt-Winters,2436346.0,2488270.859135532,0.06309032440185547,"{'trend': 'mul', 'damped': False, 'seasonal': 'mul', 'm': 12, 'boxcox': False}",-51924.85913553182,51924.85913553182
Bike Sales in Europe,2016-02-01,Random Forest,2436346.0,2158637.165100056,0.2929725646972656,"{'params': {'n_estimators': 300, 'min_samples_split': 4, 'min_samples_leaf': 4, 'max_features': 'sqrt', 'max_depth': None}, 'modo': 'nivel'}",277708.8348999438,277708.8348999438
Bike Sales in Europe,2016-02-01,XGBoost,2436346.0,2383369.4458007812,0.7948546409606934,"{'params': {'subsample': 1.0, 'reg_lambda': 1, 'reg_alpha': 0, 'n_estimators': 600, 'min_child_weight': 3, 'max_depth': 6, 'learning_rate': 0.1, 'colsample_bytree': 0.6}, 'modo': 'nivel'}",52976.55419921875,52976.55419921875
Bike Sales in Europe,2016-02-01,Ingênuo,2436346.0,2535084.0,0.0,y[t-1],-98738.0,98738.0
Bike Sales in Europe,2016-02-01,Ingênuo sazonal,2436346.0,678171.0,0.0,y[t-12],1758175.0,1758175.0
Bike Sales in Europe,2016-03-01,SARIMAX,2600455.0,3446534.0657320777,0.2603466510772705,"{'transf': 'log', 'order': (0, 1, 2), 'seasonal_order': (1, 1, 0, 6), 'exog': 'idade_media_lag1+pct_cat_Accessories_lag1+pct_pais_Germany_lag1'}",-846079.0657320777,846079.0657320777
Bike Sales in Europe,2016-03-01,Holt-Winters,2600455.0,2703731.5626470125,0.0629127025604248,"{'trend': 'mul', 'damped': False, 'seasonal': 'mul', 'm': 12, 'boxcox': False}",-103276.56264701253,103276.56264701253
Bike Sales in Europe,2016-03-01,Random Forest,2600455.0,2264829.1198736005,0.2678687572479248,"{'params': {'n_estimators': 300, 'min_samples_split': 4, 'min_samples_leaf': 4, 'max_features': 'sqrt', 'max_depth': None}, 'modo': 'nivel'}",335625.88012639945,335625.88012639945
Bike Sales in Europe,2016-03-01,XGBoost,2600455.0,1979177.9518127441,0.7954699993133545,"{'params': {'subsample': 1.0, 'reg_lambda': 1, 'reg_alpha': 0, 'n_estimators': 600, 'min_child_weight': 3, 'max_depth': 6, 'learning_rate': 0.1, 'colsample_bytree': 0.6}, 'modo': 'nivel'}",621277.0481872559,621277.0481872559
Bike Sales in Europe,2016-03-01,Ingênuo,2600455.0,2436346.0,0.0,y[t-1],164109.0,164109.0
Bike Sales in Europe,2016-03-01,Ingênuo sazonal,2600455.0,714008.0,0.0,y[t-12],1886447.0,1886447.0
Bike Sales in Europe,2016-04-01,SARIMAX,2748555.0,3008113.2440974363,0.23347711563110352,"{'transf': 'log', 'order': (0, 1, 2), 'seasonal_order': (1, 1, 0, 6), 'exog': 'idade_media_lag1+pct_cat_Accessories_lag1+pct_pais_Germany_lag1'}",-259558.2440974363,259558.2440974363
Bike Sales in Europe,2016-04-01,Holt-Winters,2748555.0,2765348.9634304806,0.06331110000610352,"{'trend': 'mul', 'damped': False, 'seasonal': 'mul', 'm': 12, 'boxcox': False}",-16793.963430480566,16793.963430480566
Bike Sales in Europe,2016-04-01,Random Forest,2748555.0,2380291.172703638,0.33881425857543945,"{'params': {'n_estimators': 300, 'min_samples_split': 4, 'min_samples_leaf': 4, 'max_features': 'sqrt', 'max_depth': None}, 'modo': 'nivel'}",368263.8272963618,368263.8272963618
Bike Sales in Europe,2016-04-01,XGBoost,2748555.0,2565321.922302246,0.9088575839996338,"{'params': {'subsample': 1.0, 'reg_lambda': 1, 'reg_alpha': 0, 'n_estimators': 600, 'min_child_weight': 3, 'max_depth': 6, 'learning_rate': 0.1, 'colsample_bytree': 0.6}, 'modo': 'nivel'}",183233.0776977539,183233.0776977539
Bike Sales in Europe,2016-04-01,Ingênuo,2748555.0,2600455.0,0.0,y[t-1],148100.0,148100.0
Bike Sales in Europe,2016-04-01,Ingênuo sazonal,2748555.0,730392.0,0.0,y[t-12],2018163.0,2018163.0
Bike Sales in Europe,2016-05-01,SARIMAX,3249980.0,3138885.643047689,0.22976064682006836,"{'transf': 'log', 'order': (0, 1, 2), 'seasonal_order': (1, 1, 0, 6), 'exog': 'idade_media_lag1+pct_cat_Accessories_lag1+pct_pais_Germany_lag1'}",111094.356952311,111094.356952311
Bike Sales in Europe,2016-05-01,Holt-Winters,3249980.0,3255432.8049277095,0.0599367618560791,"{'trend': 'mul', 'damped': False, 'seasonal': 'mul', 'm': 12, 'boxcox': False}",-5452.804927709512,5452.804927709512
Bike Sales in Europe,2016-05-01,Random Forest,3249980.0,2522016.963148161,0.2720489501953125,"{'params': {'n_estimators': 300, 'min_samples_split': 4, 'min_samples_leaf': 4, 'max_features': 'sqrt', 'max_depth': None}, 'modo': 'nivel'}",727963.0368518392,727963.0368518392
Bike Sales in Europe,2016-05-01,XGBoost,3249980.0,2675441.7419433594,0.7106227874755859,"{'params': {'subsample': 1.0, 'reg_lambda': 1, 'reg_alpha': 0, 'n_estimators': 600, 'min_child_weight': 3, 'max_depth': 6, 'learning_rate': 0.1, 'colsample_bytree': 0.6}, 'modo': 'nivel'}",574538.2580566406,574538.2580566406
Bike Sales in Europe,2016-05-01,Ingênuo,3249980.0,2748555.0,0.0,y[t-1],501425.0,501425.0
Bike Sales in Europe,2016-05-01,Ingênuo sazonal,3249980.0,893563.0,0.0,y[t-12],2356417.0,2356417.0
Bike Sales in Europe,2016-06-01,SARIMAX,3568945.0,3573400.668536519,0.23363089561462402,"{'transf': 'log', 'order': (0, 1, 2), 'seasonal_order': (1, 1, 0, 6), 'exog': 'idade_media_lag1+pct_cat_Accessories_lag1+pct_pais_Germany_lag1'}",-4455.668536519166,4455.668536519166
Bike Sales in Europe,2016-06-01,Holt-Winters,3568945.0,3423474.2086799024,0.07271194458007812,"{'trend': 'mul', 'damped': False, 'seasonal': 'mul', 'm': 12, 'boxcox': False}",145470.79132009763,145470.79132009763
Bike Sales in Europe,2016-06-01,Random Forest,3568945.0,2565814.6679660594,0.29419851303100586,"{'params': {'n_estimators': 300, 'min_samples_split': 4, 'min_samples_leaf': 4, 'max_features': 'sqrt', 'max_depth': None}, 'modo': 'nivel'}",1003130.3320339406,1003130.3320339406
Bike Sales in Europe,2016-06-01,XGBoost,3568945.0,2451719.7608947754,0.7363531589508057,"{'params': {'subsample': 1.0, 'reg_lambda': 1, 'reg_alpha': 0, 'n_estimators': 600, 'min_child_weight': 3, 'max_depth': 6, 'learning_rate': 0.1, 'colsample_bytree': 0.6}, 'modo': 'nivel'}",1117225.2391052246,1117225.2391052246
Bike Sales in Europe,2016-06-01,Ingênuo,3568945.0,3249980.0,0.0,y[t-1],318965.0,318965.0
Bike Sales in Europe,2016-06-01,Ingênuo sazonal,3568945.0,784598.0,0.0,y[t-12],2784347.0,2784347.0
