Date,Revenue,n_transacoes,preco_medio,custo_medio,idade_media,pct_cat_Accessories,pct_cat_Bikes,pct_cat_Clothing,pct_pais_Australia,pct_pais_Canada,pct_pais_France,pct_pais_Germany,pct_pais_United Kingdom,pct_pais_United States,pct_genero_F,pct_genero_M,sem_registro,incompleto,imputado,y
2011-01-01,675193,188.0,2017.563829787234,1224.5053191489362,34.590425531914896,0.0,1.0,0.0,0.3453038674033149,0.08287292817679558,0.06077348066298342,0.03038674033149171,0.09944751381215469,0.3812154696132597,0.5359116022099447,0.46408839779005523,False,False,False,675193.0
2011-02-01,635179,170.0,2061.0470588235294,1266.1941176470589,33.411764705882355,0.0,1.0,0.0,0.315028901734104,0.24566473988439305,0.05491329479768786,0.11560693641618497,0.0953757225433526,0.17341040462427745,0.4595375722543353,0.5404624277456648,False,False,False,635179.0
2011-03-01,703081,197.0,2082.304568527919,1264.6903553299492,36.19796954314721,0.0,1.0,0.0,0.3367088607594937,0.053164556962025315,0.08354430379746836,0.08354430379746836,0.06582278481012659,0.37721518987341773,0.4759493670886076,0.5240506329113924,False,False,False,703081.0
2011-04-01,698782,207.0,1972.2415458937198,1193.8212560386473,32.42028985507246,0.0,1.0,0.0,0.34739454094292804,0.08684863523573201,0.05459057071960298,0.09181141439205956,0.04714640198511166,0.37220843672456577,0.49379652605459057,0.5062034739454094,False,False,False,698782.0
2011-05-01,734537,214.0,2008.8691588785048,1215.8971962616822,36.429906542056074,0.0,1.0,0.0,0.3349282296650718,0.06220095693779904,0.06220095693779904,0.07177033492822966,0.05263157894736842,0.41626794258373206,0.5454545454545454,0.45454545454545453,False,False,False,734537.0
2011-06-01,654977,212.0,1794.2405660377358,1089.0377358490566,34.70754716981132,0.0,1.0,0.0,0.29397590361445786,0.0819277108433735,0.06506024096385542,0.08674698795180723,0.08433734939759036,0.38795180722891565,0.46987951807228917,0.5301204819277109,False,False,False,654977.0
2011-07-01,882219,253.0,1905.1541501976285,1156.304347826087,32.16600790513834,0.0,1.0,0.0,0.2396039603960396,0.10297029702970296,0.07920792079207921,0.08514851485148515,0.10297029702970296,0.3900990099009901,0.4891089108910891,0.5108910891089109,False,False,False,882219.0
2011-08-01,880037,281.0,1846.3950177935942,1115.4733096085408,33.69750889679715,0.0,1.0,0.0,0.26296296296296295,0.1037037037037037,0.07407407407407407,0.07592592592592592,0.1388888888888889,0.34444444444444444,0.5407407407407407,0.45925925925925926,False,False,False,880037.0
2011-09-01,685754,198.0,1994.7272727272727,1215.1969696969697,32.56060606060606,0.0,1.0,0.0,0.3118556701030928,0.04381443298969072,0.13917525773195877,0.0979381443298969,0.15721649484536082,0.25,0.5798969072164949,0.42010309278350516,False,False,False,685754.0
2011-10-01,696949,229.0,1796.8558951965065,1073.646288209607,37.43231441048035,0.0,1.0,0.0,0.4491150442477876,0.061946902654867256,0.11061946902654868,0.07079646017699115,0.10398230088495575,0.20353982300884957,0.497787610619469,0.5022123893805309,False,False,False,696949.0
2011-11-01,572592,192.0,1756.9166666666667,1059.09375,32.057291666666664,0.0,1.0,0.0,0.3333333333333333,0.03825136612021858,0.08469945355191257,0.14207650273224043,0.12295081967213115,0.2786885245901639,0.5437158469945356,0.4562841530054645,False,False,False,572592.0
2011-12-01,1132666,330.0,1902.0363636363636,1135.069696969697,34.86363636363637,0.0,1.0,0.0,0.3433734939759036,0.045180722891566265,0.14156626506024098,0.10542168674698796,0.13102409638554216,0.23343373493975902,0.5090361445783133,0.49096385542168675,False,False,False,1132666.0
2012-01-01,671695,188.0,2017.563829787234,1224.5053191489362,34.590425531914896,0.0,1.0,0.0,0.3670212765957447,0.0797872340425532,0.05851063829787234,0.026595744680851064,0.11170212765957446,0.35638297872340424,0.5212765957446809,0.4787234042553192,False,False,False,671695.0
2012-02-01,637820,170.0,2061.0470588235294,1266.1941176470589,33.411764705882355,0.0,1.0,0.0,0.29411764705882354,0.2647058823529412,0.06470588235294118,0.08823529411764706,0.08823529411764706,0.2,0.4647058823529412,0.5352941176470588,False,False,False,637820.0
2012-03-01,729951,197.0,2082.304568527919,1264.6903553299492,36.19796954314721,0.0,1.0,0.0,0.3553299492385787,0.050761421319796954,0.08121827411167512,0.09137055837563451,0.05583756345177665,0.36548223350253806,0.4720812182741117,0.5279187817258884,False,False,False,729951.0
2012-04-01,729947,206.0,1979.1941747572816,1197.9466019417475,32.44660194174757,0.0,1.0,0.0,0.3300970873786408,0.09223300970873786,0.06310679611650485,0.10194174757281553,0.04854368932038835,0.3640776699029126,0.5145631067961165,0.4854368932038835,False,False,False,729947.0
2012-05-01,763465,213.0,2013.0422535211267,1218.2582159624412,36.521126760563384,0.0,1.0,0.0,0.3051643192488263,0.06103286384976526,0.07981220657276995,0.07981220657276995,0.04225352112676056,0.431924882629108,0.5539906103286385,0.4460093896713615,False,False,False,763465.0
2012-06-01,685548,212.0,1794.2405660377358,1089.0377358490566,34.70754716981132,0.0,1.0,0.0,0.3160377358490566,0.09433962264150944,0.0660377358490566,0.08490566037735849,0.06132075471698113,0.37735849056603776,0.49528301886792453,0.5047169811320755,False,False,False,685548.0
2012-07-01,863284,253.0,1905.1541501976285,1156.304347826087,32.16600790513834,0.0,1.0,0.0,0.2608695652173913,0.09090909090909091,0.08695652173913043,0.08695652173913043,0.09486166007905138,0.3794466403162055,0.48616600790513836,0.5138339920948617,False,False,False,863284.0
2012-08-01,927504,281.0,1846.3950177935942,1115.4733096085408,33.69750889679715,0.0,1.0,0.0,0.2704626334519573,0.1103202846975089,0.0711743772241993,0.0711743772241993,0.12811387900355872,0.3487544483985765,0.5409252669039146,0.45907473309608543,False,False,False,927504.0
2012-09-01,695965,196.0,1996.9030612244899,1216.0255102040817,32.494897959183675,0.0,1.0,0.0,0.30612244897959184,0.05612244897959184,0.1377551020408163,0.09693877551020408,0.15306122448979592,0.25,0.5561224489795918,0.44387755102040816,False,False,False,695965.0
2012-10-01,723925,228.0,1794.671052631579,1072.8640350877192,37.473684210526315,0.0,1.0,0.0,0.42543859649122806,0.06140350877192982,0.10087719298245613,0.07894736842105263,0.12280701754385964,0.21052631578947367,0.5087719298245614,0.49122807017543857,False,False,False,723925.0
2012-11-01,594590,190.0,1767.1684210526316,1065.1157894736841,32.11052631578947,0.0,1.0,0.0,0.30526315789473685,0.031578947368421054,0.08421052631578947,0.14210526315789473,0.1368421052631579,0.3,0.5210526315789473,0.4789473684210526,False,False,False,594590.0
2012-12-01,1110101,330.0,1902.0363636363636,1135.069696969697,34.86363636363637,0.0,1.0,0.0,0.3333333333333333,0.048484848484848485,0.1303030303030303,0.1,0.12727272727272726,0.2606060606060606,0.5151515151515151,0.48484848484848486,False,False,False,1110101.0
2013-01-01,426890,239.0,2014.008368200837,1196.7866108786611,34.03347280334728,0.0,1.0,0.0,0.401673640167364,0.03347280334728033,0.09205020920502092,0.08368200836820083,0.13807531380753138,0.2510460251046025,0.4560669456066946,0.5439330543933054,False,False,False,426890.0
2013-02-01,483909,270.0,2032.9925925925927,1201.5148148148148,33.214814814814815,0.0,1.0,0.0,0.40370370370370373,0.03333333333333333,0.0962962962962963,0.11851851851851852,0.12222222222222222,0.22592592592592592,0.5185185185185185,0.48148148148148145,False,False,False,483909.0
2013-03-01,466422,271.0,1941.7564575645756,1150.8819188191883,34.47232472324723,0.0,1.0,0.0,0.39114391143911437,0.06273062730627306,0.12177121771217712,0.1070110701107011,0.12915129151291513,0.1881918819188192,0.47232472324723246,0.5276752767527675,False,False,False,466422.0
2013-04-01,472219,290.0,1865.3862068965518,1102.1137931034482,32.05172413793103,0.0,1.0,0.0,0.3724137931034483,0.02413793103448276,0.1206896551724138,0.13793103448275862,0.10344827586206896,0.2413793103448276,0.4724137931034483,0.5275862068965518,False,False,False,472219.0
2013-05-01,585185,332.0,1993.5301204819277,1175.5060240963855,34.36144578313253,0.0,1.0,0.0,0.33433734939759036,0.0572289156626506,0.0963855421686747,0.11144578313253012,0.12048192771084337,0.28012048192771083,0.49096385542168675,0.5090361445783133,False,False,False,585185.0
2013-06-01,530123,318.0,1897.7075471698113,1120.5691823899372,36.899371069182386,0.0,1.0,0.0,0.34591194968553457,0.012578616352201259,0.16352201257861634,0.10377358490566038,0.1069182389937107,0.2672955974842767,0.5408805031446541,0.4591194968553459,False,False,False,530123.0
2013-07-01,1215265,1399.0,747.0836311651179,440.8813438170122,34.961401000714794,0.7698655474140997,0.036209717578430674,0.1939247350074696,0.25432169026107987,0.049228142562424415,0.10421853880628869,0.13929003343529914,0.1505299850608238,0.3024116098740841,0.5272817813189158,0.47271821868108416,False,False,False,1215265.0
2013-08-01,1751517,3782.0,260.0214172395558,151.58381808566895,35.845319936541514,0.7915132764157594,0.009595049737604762,0.19889167384663586,0.185967729302107,0.17553066499569203,0.09976893553693116,0.0810292159473643,0.0985352862849534,0.35916816793295214,0.5040730007049424,0.49592699929505757,False,False,False,1751517.0
2013-09-01,1981176,3855.0,313.33696498054474,183.09208819714655,35.790920881971466,0.7866677059178862,0.011340828932753951,0.2019914651493599,0.20816851458524133,0.15216586449463163,0.09768311931253532,0.08225023870301448,0.114265671583624,0.34546659132095325,0.4815760244743662,0.5184239755256338,False,False,False,1981176.0
2013-10-01,2024682,4115.0,304.01846901579586,177.77326852976913,34.04398541919806,0.7877072232089994,0.011323268206039076,0.20096950858496151,0.2122927767910006,0.12955150976909413,0.07104795737122557,0.08936500888099468,0.1316792480757845,0.36606349911190056,0.5009806098283007,0.4990193901716992,False,False,False,2024682.0
2013-11-01,2211883,4137.0,352.88784143098866,206.8912255257433,36.1273869954073,0.7947717013246504,0.012746984385406645,0.19248131428994303,0.20112114260341893,0.16778287574927847,0.0805705616813439,0.07015466587730333,0.10369644046473767,0.37667431362391773,0.48505143195441425,0.5149485680455858,False,False,False,2211883.0
2013-12-01,2968056,5216.0,394.03834355828224,232.12461656441718,35.020705521472394,0.7804037644201579,0.015907710989678202,0.20368852459016393,0.17181238615664846,0.13907103825136613,0.10309653916211294,0.0947632058287796,0.12398299939283546,0.36727383120825746,0.4893139040680024,0.5106860959319975,False,False,False,2968056.0
2014-01-01,1991633,4173.0,299.89192427510187,175.68008626887132,37.63886891924275,0.7921350371645125,0.011423968364395298,0.19644099447109223,0.18871516971183772,0.15689648859433927,0.0954011204276665,0.09785434440335396,0.11519168100765259,0.34594119585514993,0.4769506792135037,0.5230493207864962,False,False,False,1991633.0
2014-02-01,1934409,4042.0,308.53809995051955,180.16180108857,36.54725383473528,0.8048588438640292,0.012540810447474553,0.18260034568849626,0.2018436719800269,0.1300748991741886,0.11388515459957749,0.0859612060687536,0.11248319569809871,0.3557518724793547,0.4547724217399654,0.5452275782600345,False,False,False,1934409.0
2014-03-01,2092223,4327.0,306.2452045296973,178.69285879362144,36.41668592558354,0.8015106015106015,0.012503412503412503,0.18598598598598598,0.18192738192738192,0.13559013559013558,0.10485030485030485,0.09880789880789881,0.12716352716352716,0.35166075166075167,0.4515242515242515,0.5484757484757484,False,False,False,2092223.0
2014-04-01,2188979,4544.0,308.30721830985914,180.2411971830986,36.05831866197183,0.7985677906718395,0.012373741689596828,0.18905846763856368,0.1973304165028798,0.13756387687785201,0.10589461810599717,0.0944950522124045,0.11673018748611372,0.3479858488147528,0.47714105040077937,0.5228589495992206,False,False,False,2188979.0
2014-05-01,2562557,4959.0,345.9598709417221,202.4325468844525,36.68199233716475,0.7991642600151659,0.014730320582113874,0.18610541940272018,0.1826043464932802,0.12912021425920847,0.08970490956906149,0.11485777899678934,0.10985624626901792,0.37385650441264257,0.4740484987334828,0.5259515012665171,False,False,False,2562557.0
2014-06-01,2754626,5027.0,378.0741993236523,221.51879848816392,36.583250447583055,0.7844666299819196,0.01495165474412389,0.20058171527395646,0.20495244084584546,0.11909441081675969,0.09708356261300212,0.10274349500825407,0.12901501454288186,0.3471110761732568,0.46788774467416083,0.5321122553258392,False,False,False,2754626.0
2014-07-01,515765,5027.0,378.0741993236523,221.51879848816392,36.583250447583055,0.7844666299819196,0.01495165474412389,0.20058171527395646,0.20495244084584546,0.11909441081675969,0.09708356261300212,0.10274349500825407,0.12901501454288186,0.3471110761732568,0.46788774467416083,0.5321122553258392,False,True,True,1215265.0
2014-08-01,0,5027.0,378.0741993236523,221.51879848816392,36.583250447583055,0.7844666299819196,0.01495165474412389,0.20058171527395646,0.20495244084584546,0.11909441081675969,0.09708356261300212,0.10274349500825407,0.12901501454288186,0.3471110761732568,0.46788774467416083,0.5321122553258392,True,False,True,1751517.0
2014-09-01,0,5027.0,378.0741993236523,221.51879848816392,36.583250447583055,0.7844666299819196,0.01495165474412389,0.20058171527395646,0.20495244084584546,0.11909441081675969,0.09708356261300212,0.10274349500825407,0.12901501454288186,0.3471110761732568,0.46788774467416083,0.5321122553258392,True,False,True,1981176.0
2014-10-01,0,5027.0,378.0741993236523,221.51879848816392,36.583250447583055,0.7844666299819196,0.01495165474412389,0.20058171527395646,0.20495244084584546,0.11909441081675969,0.09708356261300212,0.10274349500825407,0.12901501454288186,0.3471110761732568,0.46788774467416083,0.5321122553258392,True,False,True,2024682.0
2014-11-01,0,5027.0,378.0741993236523,221.51879848816392,36.583250447583055,0.7844666299819196,0.01495165474412389,0.20058171527395646,0.20495244084584546,0.11909441081675969,0.09708356261300212,0.10274349500825407,0.12901501454288186,0.3471110761732568,0.46788774467416083,0.5321122553258392,True,False,True,2211883.0
2014-12-01,0,5027.0,378.0741993236523,221.51879848816392,36.583250447583055,0.7844666299819196,0.01495165474412389,0.20058171527395646,0.20495244084584546,0.11909441081675969,0.09708356261300212,0.10274349500825407,0.12901501454288186,0.3471110761732568,0.46788774467416083,0.5321122553258392,True,False,True,2968056.0
2015-01-01,660671,240.0,2015.7958333333333,1198.1291666666666,34.0125,0.0,1.0,0.0,0.39295392953929537,0.02981029810298103,0.0921409214092141,0.08943089430894309,0.14905149051490515,0.24661246612466126,0.4742547425474255,0.5257452574525745,False,False,False,660671.0
2015-02-01,678171,271.0,2027.4833948339483,1198.3505535055351,33.21771217712177,0.0,1.0,0.0,0.42091836734693877,0.03571428571428571,0.09948979591836735,0.11224489795918367,0.11989795918367346,0.21173469387755103,0.5102040816326531,0.4897959183673469,False,False,False,678171.0
2015-03-01,714008,272.0,1936.6029411764705,1147.9154411764705,34.4485294117647,0.0,1.0,0.0,0.3855421686746988,0.06506024096385542,0.14457831325301204,0.10843373493975904,0.1180722891566265,0.1783132530120482,0.4602409638554217,0.5397590361445783,False,False,False,714008.0
2015-04-01,730392,291.0,1860.8316151202748,1099.5085910652922,32.09965635738832,0.0,1.0,0.0,0.3854625550660793,0.019823788546255508,0.11674008810572688,0.14757709251101322,0.09251101321585903,0.23788546255506607,0.46916299559471364,0.5308370044052864,False,False,False,730392.0
2015-05-01,893563,334.0,1991.8922155688622,1174.3922155688622,34.34131736526946,0.0,1.0,0.0,0.3426294820717131,0.05976095617529881,0.08167330677290836,0.11155378486055777,0.13147410358565736,0.2729083665338645,0.4721115537848606,0.5278884462151394,False,False,False,893563.0
2015-06-01,784598,320.0,1892.85,1118.025,36.925,0.0,1.0,0.0,0.3605150214592275,0.012875536480686695,0.14377682403433475,0.11373390557939914,0.09012875536480687,0.27896995708154504,0.5407725321888412,0.4592274678111588,False,False,False,784598.0
2015-07-01,1717003,1398.0,753.0422031473533,444.42703862660943,34.95422031473534,0.7538936338189909,0.05605397258307615,0.19005239359793297,0.256728629871528,0.04909208354266849,0.10457187971004091,0.13579272231393097,0.1520132060575612,0.3018014785042704,0.5255867365247973,0.47441326347520274,False,False,False,1717003.0
2015-08-01,2133889,3784.0,261.29783298097254,152.36337209302326,35.85438689217759,0.7879601611190157,0.014729163744213543,0.1973106751367708,0.18859341496162402,0.172802148253542,0.09955712310374541,0.08194224564637984,0.09823450431855073,0.358870563716158,0.5053004949800605,0.4946995050199395,False,False,False,2133889.0
2015-09-01,2459302,3851.0,314.5699818229031,183.8439366398338,35.762399376785254,0.7832566294104756,0.01723347877194031,0.19950989181758413,0.21048751817982586,0.15298946068176839,0.09812125196740581,0.08200346661885123,0.11435857589703743,0.3420397266551113,0.47996732612117227,0.5200326738788277,False,False,False,2459302.0
2015-10-01,2510720,4106.0,305.13882123721385,178.45153433999025,34.03214807598636,0.7834652394237887,0.017479929397027843,0.19905483117918352,0.21239727457344038,0.13038774696805785,0.07098255802919015,0.08943043139934331,0.13055856061037407,0.36624342841959423,0.49947806942625594,0.5005219305737441,False,False,False,2510720.0
2015-11-01,2827886,4127.0,357.539859462079,209.64259752847104,36.12672643566756,0.7890171215975096,0.019911924376447364,0.19107095402604304,0.20261189780190578,0.1667742302873847,0.08114726092403478,0.06962529896359287,0.1034319122280855,0.3764093997949964,0.4864659656049505,0.5135340343950495,False,False,False,2827886.0
2015-12-01,3835500,5233.0,394.8587808140646,232.60672654309192,34.97114465889547,0.774918722361751,0.024206098519283216,0.2008751791189658,0.17086023327837785,0.14059875810850372,0.10301844347544722,0.09474430286128102,0.12403506879709095,0.36674319347929923,0.48726521933406264,0.5127347806659374,False,False,False,3835500.0
2016-01-01,2535084,4164.0,301.1918828049952,176.48246878001922,37.650816522574445,0.7862897182254197,0.018135491606714627,0.19557479016786572,0.18868030575539568,0.156755845323741,0.09371252997601918,0.09819019784172661,0.11651303956834533,0.34614808153477217,0.4779676258992806,0.5220323741007195,False,False,False,2535084.0
2016-02-01,2436346,4033.0,310.6022811802628,181.38383337465908,36.54822712620878,0.7985127618446487,0.01960629610635528,0.18188094204899602,0.20288768787723382,0.12793404079056372,0.11310110852499113,0.08582192591423725,0.1133772535405736,0.3568779833524005,0.4542979999211014,0.5457020000788986,False,False,False,2436346.0
2016-03-01,2600455,4327.0,307.91379708805175,179.7538710422926,36.4076727524844,0.7971763918081881,0.01930767656851621,0.18351593162329569,0.181395435352765,0.1358791689142687,0.10535518312531389,0.09849147151280668,0.1270251669425792,0.35185357415226653,0.45174010900094863,0.5482598909990514,False,False,False,2600455.0
2016-04-01,2748555,4552.0,309.4628734622144,180.9488137082601,36.08238137082601,0.7923810188903244,0.01899507664373756,0.18862390446593805,0.19548517755508224,0.1363001501449073,0.1044380041202556,0.09375327350815321,0.11793358706658752,0.3520898076050141,0.477809979398722,0.522190020601278,False,False,False,2748555.0
2016-05-01,3249980,4967.0,347.0952285081538,203.07046506945844,36.6720354338635,0.7928867890480175,0.022442049313450466,0.1846711616385321,0.1825057007398658,0.12836917827320898,0.09030956247846843,0.11634430828288794,0.1098643305936972,0.37260691963187165,0.4732680414062372,0.5267319585937628,False,False,False,3249980.0
2016-06-01,3568945,5038.0,380.41583961889637,222.94243747518857,36.57423580786026,0.7778420131361308,0.0231407878466702,0.19901719901719903,0.20438085143967497,0.12021647315764963,0.09598368421897834,0.10541022305728188,0.13001236530648294,0.3439964028199322,0.4705400587753529,0.5294599412246471,False,False,False,3568945.0
